pair_idx,scene_name,rel_a,rel_b,yaw_diff_deg,rot_err_deg,gt_rel_rot_deg,pred_rel_rot_deg,selected_variant,video_direction,rel_eval_target,status
0,Street,Street/img_east/image_east_0266.png,Street/img/image2_001121.png,59.975898,9.358697892466088,61.55598380302603,53.345589682388656,v0_A2B_p1_s1,A2B,subset_start_end_0_1,ok
1,Street,Street/img_south/image_south_1_0048.png,Street/img/image1_000245.png,62.954206,21.713036470225422,63.11477245240338,41.52458310253725,v3_B2A_p2_s2,B2A,subset_start_end_0_1,ok
2,StMarysChurch,StMarysChurch/seq10/frame00046.png,StMarysChurch/seq4/frame00106.png,51.541693,1.1137055340431679,56.141373595129444,56.730297348755705,v2_B2A_p1_s1,B2A,subset_start_end_0_1,ok
3,GreatCourt,GreatCourt/seq3/frame00318.png,GreatCourt/seq5/frame00368.png,59.341141,89.71038126790066,59.76234729217092,31.555731410103004,v3_B2A_p2_s2,B2A,subset_start_end_0_1,ok
4,GreatCourt,GreatCourt/seq2/frame00078.png,GreatCourt/seq3/frame00541.png,55.182398,8.78935823386043,55.80045849013245,47.09951658314072,v1_A2B_p2_s2,A2B,subset_start_end_0_1,ok
5,Street,Street/img_west/image_west_0422.png,Street/img_south/image_south_1_0424.png,52.357804,4.441840695524096,54.77160929032984,50.35868206962487,v1_A2B_p2_s2,A2B,subset_start_end_0_1,ok
6,GreatCourt,GreatCourt/seq1/frame00038.png,GreatCourt/seq5/frame00265.png,55.898099,1.038357523301009,55.97346296601401,57.60996773364308,v3_B2A_p2_s2,B2A,subset_start_end_0_1,ok
7,StMarysChurch,StMarysChurch/seq5/frame00045.png,StMarysChurch/seq6/frame00015.png,52.807049,0.46178731846201926,53.07022002226896,52.09697353626878,v0_A2B_p1_s1,A2B,subset_start_end_0_1,ok
8,StMarysChurch,StMarysChurch/seq4/frame00098.png,StMarysChurch/seq10/frame00036.png,61.173862,0.0,65.8213666717734,66.70095837286298,v3_B2A_p2_s2,B2A,subset_start_end_0_1,ok
9,StMarysChurch,StMarysChurch/seq13/frame00261.png,StMarysChurch/seq12/frame00163.png,51.070971,2.2741078392946767,55.30739334904936,55.53539803307162,v0_A2B_p1_s1,A2B,subset_start_end_0_1,ok
10,Street,Street/img_north/image_north_1_0426.png,Street/img_east/image_east_0382.png,57.36569,5.313525001605828,57.438212376947334,62.103781699207204,v2_B2A_p1_s1,B2A,subset_start_end_0_1,ok
11,GreatCourt,GreatCourt/seq5/frame00094.png,GreatCourt/seq1/frame00138.png,56.741743,4.919453116094558,56.864892806582354,51.86325601208788,v3_B2A_p2_s2,B2A,subset_start_end_0_1,ok
12,GreatCourt,GreatCourt/seq4/frame00130.png,GreatCourt/seq1/frame00169.png,57.759328,8.595031585553334,58.10583104944129,66.61276402098993,v3_B2A_p2_s2,B2A,subset_start_end_0_1,ok
13,Street,Street/img/image2_002337.png,Street/img/image2_002433.png,55.900667,2.2837373862944825,56.15729029859239,58.51603483480786,v0_A2B_p1_s1,A2B,subset_start_end_0_1,ok
14,Street,Street/img_east/image_east_0139.png,Street/img_north/image_north_1_0205.png,64.884822,10.912884355918893,64.9981634698925,54.44034717076615,v3_B2A_p2_s2,B2A,subset_start_end_0_1,ok
15,Street,Street/img_south/image_south_1_0044.png,Street/img/image1_000216.png,50.020701,4.385249763571528,50.28021038081052,46.9324934668138,v2_B2A_p1_s1,B2A,subset_start_end_0_1,ok
16,StMarysChurch,StMarysChurch/seq10/frame00046.png,StMarysChurch/seq4/frame00105.png,50.861128,2.0765644165954957,54.84093589089983,56.29921829542371,v3_B2A_p2_s2,B2A,subset_start_end_0_1,ok
17,GreatCourt,GreatCourt/seq3/frame00316.png,GreatCourt/seq1/frame00187.png,61.944133,175.05265815154883,62.1471395799323,123.047813340747,v2_B2A_p1_s1,B2A,subset_start_end_0_1,ok
18,GreatCourt,GreatCourt/seq2/frame00106.png,GreatCourt/seq5/frame00266.png,53.298468,2.913446368141633,53.50442102409213,56.33796403266391,v2_B2A_p1_s1,B2A,subset_start_end_0_1,ok
19,Street,Street/img_west/image_west_0423.png,Street/img_south/image_south_1_0425.png,53.515433,7.210852953182938,54.94383671179163,47.81765080364809,v3_B2A_p2_s2,B2A,subset_start_end_0_1,ok
20,GreatCourt,GreatCourt/seq1/frame00188.png,GreatCourt/seq3/frame00316.png,64.311598,70.14773094746943,64.6980408220294,134.71225092452107,v1_A2B_p2_s2,A2B,subset_start_end_0_1,ok
21,StMarysChurch,StMarysChurch/seq5/frame00043.png,StMarysChurch/seq6/frame00017.png,50.345926,1.293087738321481,50.78512345257896,51.5206565286039,v0_A2B_p1_s1,A2B,subset_start_end_0_1,ok
22,StMarysChurch,StMarysChurch/seq4/frame00097.png,StMarysChurch/seq10/frame00036.png,56.312977,1.086134649896174,61.27809648197042,60.09237276327814,v3_B2A_p2_s2,B2A,subset_start_end_0_1,ok
23,StMarysChurch,StMarysChurch/seq13/frame00050.png,StMarysChurch/seq4/frame00062.png,50.852933,1.5753265763303095,56.24598773584118,58.01546806141862,v3_B2A_p2_s2,B2A,subset_start_end_0_1,ok
24,Street,Street/img_north/image_north_2_0382.png,Street/img/image2_000673.png,60.084633,3.6633155827832122,62.59419711031648,59.08464040490501,v3_B2A_p2_s2,B2A,subset_start_end_0_1,ok
25,GreatCourt,GreatCourt/seq5/frame00316.png,GreatCourt/seq3/frame00369.png,64.870134,3.2021680245921815,65.51768934066007,63.28198907261935,v0_A2B_p1_s1,A2B,subset_start_end_0_1,ok
26,GreatCourt,GreatCourt/seq4/frame00049.png,GreatCourt/seq3/frame00485.png,60.823333,84.90959258246843,60.86804625278731,145.69334584365166,v0_A2B_p1_s1,A2B,subset_start_end_0_1,ok
27,Street,Street/img/image2_000248.png,Street/img/image2_000244.png,62.278,14.465329195935348,62.3288411253236,47.872135323761746,v3_B2A_p2_s2,B2A,subset_start_end_0_1,ok
28,Street,Street/img_east/image_east_0267.png,Street/img/image2_001119.png,63.526741,5.283973744004226,65.73891049786403,63.96686852747929,v3_B2A_p2_s2,B2A,subset_start_end_0_1,ok
29,GreatCourt,GreatCourt/seq3/frame00148.png,GreatCourt/seq5/frame00588.png,61.415061,3.2951151651859343,61.51310962543606,58.171291080478795,v2_B2A_p1_s1,B2A,subset_start_end_0_1,ok
30,GreatCourt,GreatCourt/seq2/frame00106.png,GreatCourt/seq5/frame00265.png,52.537993,5.025715207810476,52.78597122042428,57.78088535076754,v1_A2B_p2_s2,A2B,subset_start_end_0_1,ok
31,GreatCourt,GreatCourt/seq1/frame00552.png,GreatCourt/seq5/frame00468.png,59.792923,2.844183514092973,61.027948309988155,63.56796040103997,v1_A2B_p2_s2,A2B,subset_start_end_0_1,ok
32,StMarysChurch,StMarysChurch/seq5/frame00023.png,StMarysChurch/seq1/frame00219.png,53.505843,0.9384089967472671,54.95586274564539,55.17616388916767,v1_A2B_p2_s2,A2B,subset_start_end_0_1,ok
33,StMarysChurch,StMarysChurch/seq13/frame00050.png,StMarysChurch/seq4/frame00061.png,53.061544,2.830258486219755,58.12272796963911,60.70957669276026,v0_A2B_p1_s1,A2B,subset_start_end_0_1,ok
34,Street,Street/img_north/image_north_2_0383.png,Street/img/image2_000673.png,57.391462,2.2085509363186326,60.558361707132235,62.477344972206794,v0_A2B_p1_s1,A2B,subset_start_end_0_1,ok
35,GreatCourt,GreatCourt/seq5/frame00300.png,GreatCourt/seq3/frame00540.png,51.794387,149.538877921454,52.141245187815436,97.84369867483728,v1_A2B_p2_s2,A2B,subset_start_end_0_1,ok
36,GreatCourt,GreatCourt/seq4/frame00048.png,GreatCourt/seq3/frame00483.png,64.289494,86.48171329485236,64.4563471809848,150.58802458530636,v0_A2B_p1_s1,A2B,subset_start_end_0_1,ok
37,Street,Street/img/image2_002343.png,Street/img/image2_002428.png,64.965828,4.9661326472371226,65.05173883435033,70.03609263151331,v0_A2B_p1_s1,A2B,subset_start_end_0_1,ok
38,Street,Street/img_east/image_east_0129.png,Street/img_north/image_north_2_0152.png,64.936979,2.912437617331317,65.09242159609427,62.342169168498245,v0_A2B_p1_s1,A2B,subset_start_end_0_1,ok
39,GreatCourt,GreatCourt/seq3/frame00140.png,GreatCourt/seq5/frame00141.png,58.811426,7.9161372278797035,58.892187328478165,51.08953949200246,v0_A2B_p1_s1,A2B,subset_start_end_0_1,ok
40,GreatCourt,GreatCourt/seq2/frame00104.png,GreatCourt/seq5/frame00267.png,54.811936,3.061913327647168,55.03106235999872,57.87388327630592,v3_B2A_p2_s2,B2A,subset_start_end_0_1,ok
41,GreatCourt,GreatCourt/seq1/frame00547.png,GreatCourt/seq5/frame00473.png,58.548915,2.3046212296230038,58.66706614501074,60.24115202639331,v3_B2A_p2_s2,B2A,subset_start_end_0_1,ok
42,StMarysChurch,StMarysChurch/seq5/frame00043.png,StMarysChurch/seq6/frame00016.png,58.153994,1.444873346185822,58.34279910857109,57.44131773110096,v3_B2A_p2_s2,B2A,subset_start_end_0_1,ok
43,StMarysChurch,StMarysChurch/seq13/frame00262.png,StMarysChurch/seq12/frame00164.png,57.062552,3.0917639680311826,61.0711512421509,64.09231737359652,v0_A2B_p1_s1,A2B,subset_start_end_0_1,ok
44,Street,Street/img_north/image_north_2_0163.png,Street/img_east/image_east_0141.png,62.804477,17.73224725376395,62.92723431959812,45.48148212263652,v0_A2B_p1_s1,A2B,subset_start_end_0_1,ok
45,GreatCourt,GreatCourt/seq5/frame00351.png,GreatCourt/seq3/frame00336.png,50.320658,5.022657859996537,51.443230701641305,55.695800086128635,v0_A2B_p1_s1,A2B,subset_start_end_0_1,ok
46,GreatCourt,GreatCourt/seq4/frame00128.png,GreatCourt/seq1/frame00168.png,53.154373,2.5495301419300844,53.66782466705648,56.009672417389154,v1_A2B_p2_s2,A2B,subset_start_end_0_1,ok
47,Street,Street/img/image2_001523.png,Street/img_west/image_west_0414.png,59.874767,2.0984273389685932,60.2005674351774,61.87083316439875,v0_A2B_p1_s1,A2B,subset_start_end_0_1,ok
48,Street,Street/img_east/image_east_0525.png,Street/img/image2_000031.png,55.304191,3.1704866664032982,56.0185397487458,53.98243021187797,v2_B2A_p1_s1,B2A,subset_start_end_0_1,ok
49,GreatCourt,GreatCourt/seq3/frame00190.png,GreatCourt/seq5/frame00191.png,53.830221,97.2785490417705,53.83793866777441,43.537780722758285,v3_B2A_p2_s2,B2A,subset_start_end_0_1,ok
50,GreatCourt,GreatCourt/seq2/frame00104.png,GreatCourt/seq5/frame00266.png,55.50902,4.848812982989682,55.566717269711376,60.29573071133902,v0_A2B_p1_s1,A2B,subset_start_end_0_1,ok
51,GreatCourt,GreatCourt/seq1/frame00091.png,GreatCourt/seq3/frame00236.png,50.534504,2.462214704657973,51.30752517462612,50.62415422581454,v2_B2A_p1_s1,B2A,subset_start_end_0_1,ok
52,StMarysChurch,StMarysChurch/seq5/frame00044.png,StMarysChurch/seq6/frame00015.png,55.225982,0.699262251266617,55.83938948371546,56.26147319892722,v0_A2B_p1_s1,A2B,subset_start_end_0_1,ok
53,Street,Street/img_north/image_north_1_0109.png,Street/img/image2_002393.png,59.015296,4.1275202790231305,61.74783663194865,58.52709687669265,v3_B2A_p2_s2,B2A,subset_start_end_0_1,ok
54,GreatCourt,GreatCourt/seq5/frame00376.png,GreatCourt/seq3/frame00314.png,60.219252,76.24804470061802,62.443133493784316,17.89421924703207,v2_B2A_p1_s1,B2A,subset_start_end_0_1,ok
55,GreatCourt,GreatCourt/seq4/frame00128.png,GreatCourt/seq2/frame00233.png,51.681172,2.878751210298609,52.4570573579944,54.92899082111902,v0_A2B_p1_s1,A2B,subset_start_end_0_1,ok
56,Street,Street/img/image2_000293.png,Street/img/image2_000254.png,61.917187,14.49245383738148,62.165151143242525,47.83440809560105,v0_A2B_p1_s1,A2B,subset_start_end_0_1,ok
57,Street,Street/img_east/image_east_0226.png,Street/img/image2_001298.png,57.569417,2.6182686483382596,58.20993566157068,59.95703965164443,v2_B2A_p1_s1,B2A,subset_start_end_0_1,ok
58,GreatCourt,GreatCourt/seq3/frame00138.png,GreatCourt/seq5/frame00572.png,62.571747,67.73210291698659,62.87637032517803,130.2608685796206,v3_B2A_p2_s2,B2A,subset_start_end_0_1,ok
59,GreatCourt,GreatCourt/seq2/frame00082.png,GreatCourt/seq5/frame00294.png,59.573129,2.4459606275476555,60.42908443675354,58.04088614897842,v2_B2A_p1_s1,B2A,subset_start_end_0_1,ok
60,GreatCourt,GreatCourt/seq1/frame00193.png,GreatCourt/seq3/frame00323.png,59.209895,173.78003295167093,59.287228604027035,126.97057685358838,v3_B2A_p2_s2,B2A,subset_start_end_0_1,ok
61,Street,Street/img_north/image_north_1_0458.png,Street/img_east/image_east_0416.png,55.254535,10.633194584901306,55.582897672312264,45.051888795885944,v3_B2A_p2_s2,B2A,subset_start_end_0_1,ok
62,GreatCourt,GreatCourt/seq5/frame00353.png,GreatCourt/seq1/frame00203.png,56.379565,0.0,57.17222335780764,58.39430781347822,v3_B2A_p2_s2,B2A,subset_start_end_0_1,ok
63,GreatCourt,GreatCourt/seq4/frame00130.png,GreatCourt/seq1/frame00168.png,53.369228,8.39577126617718,53.78815422619876,62.04773204147299,v3_B2A_p2_s2,B2A,subset_start_end_0_1,ok
64,Street,Street/img/image2_001785.png,Street/img_east/image_east_0125.png,50.63714,7.9464504400699925,52.93010576316696,59.8701439398512,v3_B2A_p2_s2,B2A,subset_start_end_0_1,ok
65,Street,Street/img_east/image_east_0227.png,Street/img/image2_001299.png,56.56247,4.506330259361792,57.19243318610873,61.586252216300466,v1_A2B_p2_s2,A2B,subset_start_end_0_1,ok
66,GreatCourt,GreatCourt/seq3/frame00149.png,GreatCourt/seq5/frame00588.png,64.279627,6.65415942022914,64.49604426663007,57.93355187086515,v3_B2A_p2_s2,B2A,subset_start_end_0_1,ok
67,GreatCourt,GreatCourt/seq2/frame00105.png,GreatCourt/seq5/frame00267.png,56.342509,2.9173602244490047,56.433689172605675,59.53358774332757,v1_A2B_p2_s2,A2B,subset_start_end_0_1,ok
68,GreatCourt,GreatCourt/seq1/frame00111.png,GreatCourt/seq3/frame00255.png,54.832442,176.71140131245676,55.281599891193075,121.62759888735351,v0_A2B_p1_s1,A2B,subset_start_end_0_1,ok
69,Street,Street/img_north/image_north_1_0425.png,Street/img_east/image_east_0380.png,63.870937,1.7505003940904473,63.890389362664,64.51130400351985,v2_B2A_p1_s1,B2A,subset_start_end_0_1,ok
70,GreatCourt,GreatCourt/seq5/frame00354.png,GreatCourt/seq1/frame00202.png,59.825873,1.393990829434686,60.19435253531313,60.74811679861195,v2_B2A_p1_s1,B2A,subset_start_end_0_1,ok
71,GreatCourt,GreatCourt/seq4/frame00129.png,GreatCourt/seq1/frame00168.png,54.952665,4.325709512027657,55.416059480445455,59.287838895446576,v2_B2A_p1_s1,B2A,subset_start_end_0_1,ok
72,Street,Street/img/image2_002340.png,Street/img/image2_002432.png,57.518114,4.399577447880495,57.94074930150988,62.10554989746229,v1_A2B_p2_s2,A2B,subset_start_end_0_1,ok
73,Street,Street/img_east/image_east_0268.png,Street/img/image2_001119.png,59.256422,5.573822008408225,61.455908479978596,59.269846894122004,v0_A2B_p1_s1,A2B,subset_start_end_0_1,ok
74,GreatCourt,GreatCourt/seq3/frame00321.png,GreatCourt/seq1/frame00192.png,64.389681,180.0,64.68141909342287,116.48626471544124,v2_B2A_p1_s1,B2A,subset_start_end_0_1,ok
75,GreatCourt,GreatCourt/seq2/frame00083.png,GreatCourt/seq5/frame00294.png,59.293932,1.8025388505559772,60.27564305393567,59.23971678467549,v1_A2B_p2_s2,A2B,subset_start_end_0_1,ok
76,GreatCourt,GreatCourt/seq1/frame00405.png,GreatCourt/seq5/frame00201.png,52.340551,0.9355833425598171,52.79821751179486,52.90533285160437,v3_B2A_p2_s2,B2A,subset_start_end_0_1,ok
77,Street,Street/img_north/image_north_2_0235.png,Street/img/image2_001386.png,61.977309,14.292866483934775,63.21150912067106,49.338491564808585,v1_A2B_p2_s2,A2B,subset_start_end_0_1,ok
78,GreatCourt,GreatCourt/seq5/frame00255.png,GreatCourt/seq3/frame00507.png,52.092967,92.70403519341461,52.89073827046603,144.9006347858373,v2_B2A_p1_s1,B2A,subset_start_end_0_1,ok
79,GreatCourt,GreatCourt/seq4/frame00128.png,GreatCourt/seq2/frame00234.png,53.06553,7.311393004424585,53.431313777664165,60.52398665154547,v3_B2A_p2_s2,B2A,subset_start_end_0_1,ok
80,Street,Street/img/image2_002337.png,Street/img/image2_002435.png,54.196474,14.72570553580609,54.90990615186349,69.51350040873672,v0_A2B_p1_s1,A2B,subset_start_end_0_1,ok
81,Street,Street/img_east/image_east_0438.png,Street/img/image2_000432.png,55.167783,4.571950848748174,57.44095414981141,54.91364807509139,v3_B2A_p2_s2,B2A,subset_start_end_0_1,ok
82,GreatCourt,GreatCourt/seq1/frame00334.png,GreatCourt/seq3/frame00445.png,61.246602,175.2243950117506,61.2811410998148,123.48899091495345,v2_B2A_p1_s1,B2A,subset_start_end_0_1,ok
83,Street,Street/img_north/image_north_1_0428.png,Street/img_east/image_east_0383.png,64.882149,2.6141264263476534,64.88440628305958,65.40335719184282,v3_B2A_p2_s2,B2A,subset_start_end_0_1,ok
84,GreatCourt,GreatCourt/seq5/frame00318.png,GreatCourt/seq1/frame00240.png,52.932312,2.393178495489478,53.28870311065039,50.79447901291292,v2_B2A_p1_s1,B2A,subset_start_end_0_1,ok
85,GreatCourt,GreatCourt/seq4/frame00045.png,GreatCourt/seq3/frame00482.png,52.680637,70.48794591758823,52.96521958414208,123.2256058460641,v3_B2A_p2_s2,B2A,subset_start_end_0_1,ok
86,Street,Street/img/image2_000208.png,Street/img/image2_000188.png,59.839877,14.1394528464474,59.84766380240978,73.98469750577155,v3_B2A_p2_s2,B2A,subset_start_end_0_1,ok
87,Street,Street/img_east/image_east_0226.png,Street/img/image2_001299.png,55.836578,7.7393264302647955,56.51912302382667,64.3468860067625,v0_A2B_p1_s1,A2B,subset_start_end_0_1,ok
88,GreatCourt,GreatCourt/seq1/frame00039.png,GreatCourt/seq5/frame00264.png,50.531646,2.0407442486305745,50.60998992681888,52.70880866622807,v1_A2B_p2_s2,A2B,subset_start_end_0_1,ok
89,Street,Street/img_north/image_north_1_0517.png,Street/img/image2_000300.png,60.424118,13.27854417528507,60.53040574200086,47.43949867972594,v0_A2B_p1_s1,A2B,subset_start_end_0_1,ok
90,GreatCourt,GreatCourt/seq5/frame00583.png,GreatCourt/seq3/frame00145.png,52.094643,37.33817822550971,52.50063946218358,15.166226230042646,v3_B2A_p2_s2,B2A,subset_start_end_0_1,ok
91,Street,Street/img/image2_001919.png,Street/img_west/image_west_0492.png,60.795166,160.87487723639984,61.66350386762775,100.07079970551847,v0_A2B_p1_s1,A2B,subset_start_end_0_1,ok
92,Street,Street/img_east/image_east_0132.png,Street/img_north/image_north_2_0154.png,63.151697,3.158840354352613,63.165277758421915,60.03813703674752,v0_A2B_p1_s1,A2B,subset_start_end_0_1,ok
93,GreatCourt,GreatCourt/seq1/frame00109.png,GreatCourt/seq3/frame00255.png,51.821242,73.02212543281392,52.03202988442516,21.060309944367745,v0_A2B_p1_s1,A2B,subset_start_end_0_1,ok
94,Street,Street/img_north/image_north_2_0373.png,Street/img/image2_000742.png,50.275673,2.727712321751496,51.77735156055164,51.28982349090772,v0_A2B_p1_s1,A2B,subset_start_end_0_1,ok
95,GreatCourt,GreatCourt/seq5/frame00084.png,GreatCourt/seq2/frame00211.png,64.691571,5.478910449230204,65.28301901287087,60.15904929652579,v2_B2A_p1_s1,B2A,subset_start_end_0_1,ok
96,Street,Street/img/image1_000377.png,Street/img/image1_000399.png,51.19766,18.82998775027614,51.841152898486136,33.11051427694228,v0_A2B_p1_s1,A2B,subset_start_end_0_1,ok
97,Street,Street/img_east/image_east_0476.png,Street/img/image2_000312.png,59.402647,0.9398059150292125,59.45287230242083,59.359751649085176,v3_B2A_p2_s2,B2A,subset_start_end_0_1,ok
98,GreatCourt,GreatCourt/seq1/frame00038.png,GreatCourt/seq3/frame00516.png,50.21709,75.98371645638437,50.32430146091,126.03657016153592,v1_A2B_p2_s2,A2B,subset_start_end_0_1,ok
99,Street,Street/img_north/image_north_1_0429.png,Street/img_east/image_east_0386.png,57.998569,4.647437801237525,58.371682315026696,56.524662880911485,v0_A2B_p1_s1,A2B,subset_start_end_0_1,ok
100,GreatCourt,GreatCourt/seq5/frame00316.png,GreatCourt/seq2/frame00063.png,64.312785,2.3744781041492127,64.56887798240746,62.216980404268796,v2_B2A_p1_s1,B2A,subset_start_end_0_1,ok
101,Street,Street/img/image2_001780.png,Street/img_east/image_east_0127.png,56.100064,1.695448716691919,58.15382185711408,56.92455702594823,v2_B2A_p1_s1,B2A,subset_start_end_0_1,ok
102,Street,Street/img_east/image_east_0136.png,Street/img/image2_001840.png,54.930471,6.790480080165074,54.99807937838427,48.42545572483446,v2_B2A_p1_s1,B2A,subset_start_end_0_1,ok
103,GreatCourt,GreatCourt/seq1/frame00035.png,GreatCourt/seq5/frame00267.png,62.109864,2.1348681084654375,62.22527094883032,60.31628206312047,v1_A2B_p2_s2,A2B,subset_start_end_0_1,ok
104,Street,Street/img_north/image_north_2_0167.png,Street/img_east/image_east_0145.png,62.171407,19.87253547364234,62.36855925536413,42.75115238519188,v0_A2B_p1_s1,A2B,subset_start_end_0_1,ok
105,GreatCourt,GreatCourt/seq5/frame00354.png,GreatCourt/seq1/frame00201.png,62.075933,5.3590143169740125,62.7405763740084,57.264563160706345,v3_B2A_p2_s2,B2A,subset_start_end_0_1,ok
106,Street,Street/img/image2_000765.png,Street/img_south/image_south_1_0250.png,50.930364,5.938355850630948,51.186541564127126,45.47907558999257,v2_B2A_p1_s1,B2A,subset_start_end_0_1,ok
107,Street,Street/img_east/image_east_0475.png,Street/img/image2_000313.png,63.3848,7.997150662335958,63.66767602772051,55.816927887291726,v3_B2A_p2_s2,B2A,subset_start_end_0_1,ok
108,GreatCourt,GreatCourt/seq1/frame00404.png,GreatCourt/seq5/frame00201.png,52.106256,1.2333472769423381,52.60032746278533,53.88954478301838,v3_B2A_p2_s2,B2A,subset_start_end_0_1,ok
109,Street,Street/img_north/image_north_1_0540.png,Street/img/image2_000130.png,50.262685,8.108044188720594,50.514663515249524,42.42266815232161,v3_B2A_p2_s2,B2A,subset_start_end_0_1,ok
110,GreatCourt,GreatCourt/seq5/frame00372.png,GreatCourt/seq1/frame00184.png,64.643698,3.5889556160169733,65.9505307519647,69.42206638958919,v0_A2B_p1_s1,A2B,subset_start_end_0_1,ok
111,Street,Street/img/image2_001618.png,Street/img/image2_001717.png,52.064813,5.379749504713822,52.32059538684885,47.11331112379921,v2_B2A_p1_s1,B2A,subset_start_end_0_1,ok
112,Street,Street/img_east/image_east_0181.png,Street/img_north/image_north_1_0244.png,62.270537,2.2450285114975195,62.86264357554713,63.05564051255718,v1_A2B_p2_s2,A2B,subset_start_end_0_1,ok
113,GreatCourt,GreatCourt/seq1/frame00545.png,GreatCourt/seq5/frame00474.png,60.720658,4.106842533106745,61.3972689770687,64.43959504898807,v1_A2B_p2_s2,A2B,subset_start_end_0_1,ok
114,Street,Street/img_north/image_north_1_0425.png,Street/img_east/image_east_0381.png,61.178019,1.8771042253832675,61.19239142331758,61.33668974817756,v0_A2B_p1_s1,A2B,subset_start_end_0_1,ok
115,GreatCourt,GreatCourt/seq5/frame00372.png,GreatCourt/seq5/frame00380.png,63.331354,3.608838098345092,64.43028679547425,67.85100968333425,v2_B2A_p1_s1,B2A,subset_start_end_0_1,ok
116,Street,Street/img/image2_001783.png,Street/img_east/image_east_0126.png,50.658811,6.396137490550816,53.87801343534613,58.2995724285594,v3_B2A_p2_s2,B2A,subset_start_end_0_1,ok
117,Street,Street/img_east/image_east_0410.png,Street/img/image2_000541.png,62.691284,25.426255269751493,63.2099524600171,37.87135747375277,v0_A2B_p1_s1,A2B,subset_start_end_0_1,ok
118,GreatCourt,GreatCourt/seq1/frame00036.png,GreatCourt/seq5/frame00266.png,60.059344,2.9995054109719796,60.066334359059546,62.98072729933681,v3_B2A_p2_s2,B2A,subset_start_end_0_1,ok
119,Street,Street/img_north/image_north_2_0206.png,Street/img_east/image_east_0181.png,61.495959,4.46714588947075,61.92588552820347,65.8439307758075,v3_B2A_p2_s2,B2A,subset_start_end_0_1,ok
120,GreatCourt,GreatCourt/seq5/frame00316.png,GreatCourt/seq3/frame00370.png,56.008208,3.0156058096387643,56.69614474163475,55.49144167009538,v3_B2A_p2_s2,B2A,subset_start_end_0_1,ok
121,Street,Street/img/image2_000927.png,Street/img_north/image_north_1_0376.png,59.750108,4.713043285368357,59.84618768921547,55.34478261061306,v1_A2B_p2_s2,A2B,subset_start_end_0_1,ok
122,Street,Street/img_east/image_east_0524.png,Street/img/image2_000031.png,54.83316,4.932683740197522,55.4234446172277,50.940606267416605,v0_A2B_p1_s1,A2B,subset_start_end_0_1,ok
123,GreatCourt,GreatCourt/seq1/frame00094.png,GreatCourt/seq3/frame00239.png,62.626723,6.921523011104195,63.653867799260475,69.87367444397506,v1_A2B_p2_s2,A2B,subset_start_end_0_1,ok
124,Street,Street/img_north/image_north_1_0428.png,Street/img_east/image_east_0384.png,63.692277,4.219388962404287,63.872095199896094,60.69510078438902,v0_A2B_p1_s1,A2B,subset_start_end_0_1,ok
125,GreatCourt,GreatCourt/seq5/frame00350.png,GreatCourt/seq3/frame00337.png,50.692406,4.437647949858466,51.39865356877955,47.43168481892245,v3_B2A_p2_s2,B2A,subset_start_end_0_1,ok
126,Street,Street/img/image2_001210.png,Street/img_north/image_north_1_0292.png,60.11339,8.654712869758415,60.370011753704446,51.89451491569025,v0_A2B_p1_s1,A2B,subset_start_end_0_1,ok
127,Street,Street/img_east/image_east_0136.png,Street/img/image2_001839.png,54.420935,3.6863772575259053,54.65857993490884,51.30636412054111,v0_A2B_p1_s1,A2B,subset_start_end_0_1,ok
128,Street,Street/img_north/image_north_1_0430.png,Street/img_east/image_east_0386.png,59.057067,4.020917125520069,59.283201421405835,58.44866508284321,v3_B2A_p2_s2,B2A,subset_start_end_0_1,ok
129,GreatCourt,GreatCourt/seq5/frame00315.png,GreatCourt/seq1/frame00244.png,55.340277,10.606467102923313,56.26956209087215,45.70862875789935,v1_A2B_p2_s2,A2B,subset_start_end_0_1,ok
130,Street,Street/img/image2_002338.png,Street/img/image2_002434.png,52.771952,2.058908338858892,53.48190098758056,51.16820812200092,v0_A2B_p1_s1,A2B,subset_start_end_0_1,ok
131,Street,Street/img_east/image_east_0076.png,Street/img/image2_001988.png,50.541122,5.056075619907072,50.7883881254737,45.708299276774476,v2_B2A_p1_s1,B2A,subset_start_end_0_1,ok
132,Street,Street/img_north/image_north_2_0257.png,Street/img/image2_001210.png,57.331539,8.704598264320646,58.22706843404503,49.693961343181066,v2_B2A_p1_s1,B2A,subset_start_end_0_1,ok
133,GreatCourt,GreatCourt/seq5/frame00202.png,GreatCourt/seq3/frame00200.png,50.536629,1.150648524547679,50.79149187333632,51.41610776007529,v1_A2B_p2_s2,A2B,subset_start_end_0_1,ok
134,Street,Street/img/image2_001183.png,Street/img_west/image_west_0361.png,63.617097,5.706340464640057,63.82608585614995,58.28922659342104,v1_A2B_p2_s2,A2B,subset_start_end_0_1,ok
135,Street,Street/img_east/image_east_0227.png,Street/img/image2_001300.png,52.627308,1.5724331484346592,53.77751224719229,54.05129507854248,v1_A2B_p2_s2,A2B,subset_start_end_0_1,ok
136,Street,Street/img_north/image_north_2_0528.png,Street/img/image2_000135.png,56.219981,10.470851986612944,56.260486693049145,45.79379250999938,v2_B2A_p1_s1,B2A,subset_start_end_0_1,ok
137,GreatCourt,GreatCourt/seq5/frame00364.png,GreatCourt/seq3/frame00321.png,55.773856,162.09601665628597,57.35106294683635,142.37502498492964,v2_B2A_p1_s1,B2A,subset_start_end_0_1,ok
138,Street,Street/img/image2_000787.png,Street/img_east/image_east_0357.png,52.887319,3.094268206144492,56.07325127845345,57.27861611286647,v2_B2A_p1_s1,B2A,subset_start_end_0_1,ok
139,Street,Street/img_east/image_east_0129.png,Street/img_north/image_north_2_0151.png,63.829329,3.2689975827880997,63.84183842119882,60.5024070921787,v1_A2B_p2_s2,A2B,subset_start_end_0_1,ok
140,Street,Street/img_north/image_north_2_0234.png,Street/img/image2_001388.png,63.530275,14.750877439393307,64.40165973123807,49.70160400808412,v0_A2B_p1_s1,A2B,subset_start_end_0_1,ok
141,GreatCourt,GreatCourt/seq5/frame00315.png,GreatCourt/seq1/frame00243.png,51.25986,16.206964192532315,52.211363791082675,36.00952659743024,v3_B2A_p2_s2,B2A,subset_start_end_0_1,ok
142,Street,Street/img/image2_000288.png,Street/img/image2_000249.png,50.965777,3.900134066323747,51.300521470299465,47.33868420272207,v2_B2A_p1_s1,B2A,subset_start_end_0_1,ok
143,Street,Street/img_east/image_east_0268.png,Street/img/image2_001118.png,60.162305,16.847612943955674,62.33997315717496,46.27119332617943,v2_B2A_p1_s1,B2A,subset_start_end_0_1,ok
144,Street,Street/img_north/image_north_2_0527.png,Street/img/image2_000135.png,58.228866,13.417834500343359,58.40486449221197,45.081115333672216,v3_B2A_p2_s2,B2A,subset_start_end_0_1,ok
145,GreatCourt,GreatCourt/seq5/frame00316.png,GreatCourt/seq1/frame00243.png,54.417141,5.261355287729259,54.9478433173636,49.857673934067314,v1_A2B_p2_s2,A2B,subset_start_end_0_1,ok
146,Street,Street/img/image2_000872.png,Street/img/image2_000844.png,52.562328,3.2628918681841266,53.006367332818655,49.970121561144396,v0_A2B_p1_s1,A2B,subset_start_end_0_1,ok
147,Street,Street/img_east/image_east_0268.png,Street/img/image2_001117.png,60.518424,9.489006506544223,63.73187247310908,55.456993203320934,v1_A2B_p2_s2,A2B,subset_start_end_0_1,ok
148,Street,Street/img_north/image_north_1_0577.png,Street/img/image1_000308.png,62.903079,6.651153243423058,63.765764214890154,57.62609544198943,v0_A2B_p1_s1,A2B,subset_start_end_0_1,ok
149,GreatCourt,GreatCourt/seq5/frame00353.png,GreatCourt/seq3/frame00334.png,59.824537,172.20499696096388,61.207919733895636,127.0537063567257,v0_A2B_p1_s1,A2B,subset_start_end_0_1,ok
150,Street,Street/img/image2_000872.png,Street/img/image2_000845.png,51.219565,2.713276992258312,51.46536383074617,48.8560448103814,v0_A2B_p1_s1,A2B,subset_start_end_0_1,ok
151,Street,Street/img_east/image_east_0130.png,Street/img_north/image_north_2_0153.png,62.393822,4.786510812029434,62.410783719854436,57.72592845552104,v0_A2B_p1_s1,A2B,subset_start_end_0_1,ok
152,Street,Street/img_north/image_north_1_0540.png,Street/img/image2_000131.png,52.204842,16.107441565526507,52.832164554940704,36.80680289086194,v1_A2B_p2_s2,A2B,subset_start_end_0_1,ok
153,GreatCourt,GreatCourt/seq5/frame00364.png,GreatCourt/seq5/frame00366.png,54.73371,0.0,56.444966938852815,57.061945806638185,v0_A2B_p1_s1,A2B,subset_start_end_0_1,ok
154,Street,Street/img/image2_001386.png,Street/img_north/image_north_1_0271.png,61.011355,14.982625243712812,61.903821006856674,47.33191300408296,v1_A2B_p2_s2,A2B,subset_start_end_0_1,ok
155,Street,Street/img_east/image_east_0136.png,Street/img/image2_001841.png,51.961339,3.527526122261753,52.128328663423915,48.832254076474804,v0_A2B_p1_s1,A2B,subset_start_end_0_1,ok
156,Street,Street/img_north/image_north_1_0530.png,Street/img/image2_000224.png,63.485844,5.268832822534544,63.683578709861415,58.926775484542134,v0_A2B_p1_s1,A2B,subset_start_end_0_1,ok
157,GreatCourt,GreatCourt/seq5/frame00584.png,GreatCourt/seq3/frame00147.png,56.155443,140.88292123568542,56.745322146663135,84.6574483309117,v2_B2A_p1_s1,B2A,subset_start_end_0_1,ok
158,Street,Street/img/image2_001448.png,Street/img_east/image_east_0193.png,59.062973,4.5797956554192405,59.69052566163623,55.492705281237676,v1_A2B_p2_s2,A2B,subset_start_end_0_1,ok
159,Street,Street/img_east/image_east_0439.png,Street/img/image2_000432.png,53.341721,5.8379456650594,55.18977341573655,49.49738221822113,v2_B2A_p1_s1,B2A,subset_start_end_0_1,ok
160,Street,Street/img_north/image_north_1_0422.png,Street/img_east/image_east_0376.png,62.477349,2.348309835189331,62.57089064493368,62.58575380500534,v1_A2B_p2_s2,A2B,subset_start_end_0_1,ok
161,GreatCourt,GreatCourt/seq5/frame00037.png,GreatCourt/seq5/frame00359.png,60.27973,5.1696974181151045,60.747949026715546,66.02918729741604,v3_B2A_p2_s2,B2A,subset_start_end_0_1,ok
162,Street,Street/img/image2_002337.png,Street/img/image2_002434.png,55.5136,6.422302920546985,56.47348584925668,62.596657619774284,v0_A2B_p1_s1,A2B,subset_start_end_0_1,ok
163,Street,Street/img_east/image_east_0130.png,Street/img_north/image_north_2_0152.png,62.92108,6.160374377103267,63.23363289617079,57.33106581514456,v2_B2A_p1_s1,B2A,subset_start_end_0_1,ok
164,Street,Street/img_north/image_north_2_0405.png,Street/img/image2_000611.png,64.714637,6.281306743618537,65.6647138499314,60.069862831620505,v2_B2A_p1_s1,B2A,subset_start_end_0_1,ok
165,GreatCourt,GreatCourt/seq5/frame00355.png,GreatCourt/seq3/frame00588.png,54.461794,8.327434249825979,55.062335998740885,63.34677549034805,v2_B2A_p1_s1,B2A,subset_start_end_0_1,ok
166,Street,Street/img/image2_000925.png,Street/img_north/image_north_1_0376.png,57.098972,4.079313036813317,57.288198119526456,53.42721578349421,v1_A2B_p2_s2,A2B,subset_start_end_0_1,ok
167,Street,Street/img_east/image_east_0477.png,Street/img/image2_000311.png,53.918338,22.732851533473745,54.29828803510184,31.620246907561683,v3_B2A_p2_s2,B2A,subset_start_end_0_1,ok
168,Street,Street/img_north/image_north_1_0431.png,Street/img_east/image_east_0387.png,63.923049,4.803484251049156,64.19045378371213,62.75374831681445,v0_A2B_p1_s1,A2B,subset_start_end_0_1,ok
169,GreatCourt,GreatCourt/seq5/frame00356.png,GreatCourt/seq3/frame00588.png,56.464529,7.999744841087655,57.271220877523504,65.19666534325411,v0_A2B_p1_s1,A2B,subset_start_end_0_1,ok
170,Street,Street/img/image2_000272.png,Street/img/image2_000259.png,62.827397,12.410104856623946,63.19724015537439,51.784554933701244,v2_B2A_p1_s1,B2A,subset_start_end_0_1,ok
171,Street,Street/img_east/image_east_0581.png,Street/img/image1_000050.png,64.660466,13.33967723161174,64.71787034751767,51.45406960534401,v1_A2B_p2_s2,A2B,subset_start_end_0_1,ok
172,Street,Street/img_north/image_north_2_0527.png,Street/img/image2_000136.png,50.154625,7.859720332921076,50.61301924553945,42.732182549912444,v3_B2A_p2_s2,B2A,subset_start_end_0_1,ok
173,GreatCourt,GreatCourt/seq5/frame00361.png,GreatCourt/seq2/frame00262.png,63.083735,1.5104055838306205,64.19975687452252,65.12449838697732,v1_A2B_p2_s2,A2B,subset_start_end_0_1,ok
174,Street,Street/img/image2_000928.png,Street/img_north/image_north_1_0375.png,63.083727,4.584514774694783,63.3622778544287,58.90485448349413,v0_A2B_p1_s1,A2B,subset_start_end_0_1,ok
175,Street,Street/img_north/image_north_1_0541.png,Street/img/image2_000130.png,54.541586,8.152977801395147,54.682582633589064,46.69119879724021,v1_A2B_p2_s2,A2B,subset_start_end_0_1,ok
176,GreatCourt,GreatCourt/seq5/frame00358.png,GreatCourt/seq1/frame00196.png,57.83718,5.860736672151943,59.10921530425426,64.94495744803565,v2_B2A_p1_s1,B2A,subset_start_end_0_1,ok
177,Street,Street/img/image2_002335.png,Street/img/image2_002436.png,58.834167,24.620245237740335,59.52135777582004,83.96551402873551,v2_B2A_p1_s1,B2A,subset_start_end_0_1,ok
178,Street,Street/img_north/image_north_1_0518.png,Street/img/image2_000300.png,58.671101,4.935494573845174,58.87853702440081,54.98038123358867,v0_A2B_p1_s1,A2B,subset_start_end_0_1,ok
179,GreatCourt,GreatCourt/seq5/frame00353.png,GreatCourt/seq3/frame00335.png,63.025568,169.11149159531232,64.07745801021153,105.87288662386383,v2_B2A_p1_s1,B2A,subset_start_end_0_1,ok
180,Street,Street/img/image2_000212.png,Street/img_west/image_west_0114.png,57.941408,5.973570850062976,57.98802141356368,52.19352970547125,v2_B2A_p1_s1,B2A,subset_start_end_0_1,ok
181,Street,Street/img_north/image_north_2_0204.png,Street/img_east/image_east_0180.png,61.702464,2.5677870751733023,61.87099291530126,59.6637979889113,v1_A2B_p2_s2,A2B,subset_start_end_0_1,ok
182,GreatCourt,GreatCourt/seq5/frame00257.png,GreatCourt/seq3/frame00507.png,63.575081,87.7871011367818,64.44429605079931,151.46758406816664,v1_A2B_p2_s2,A2B,subset_start_end_0_1,ok
183,Street,Street/img/image2_000268.png,Street/img/image2_000262.png,59.124607,113.93130866822618,59.66839866796099,54.31143532135718,v1_A2B_p2_s2,A2B,subset_start_end_0_1,ok
184,Street,Street/img_north/image_north_2_0474.png,Street/img/image2_000399.png,58.996147,5.1376256389054165,61.84327486353911,56.8183194698557,v1_A2B_p2_s2,A2B,subset_start_end_0_1,ok
185,Street,Street/img/image2_002336.png,Street/img/image2_002435.png,57.818598,6.290880466924988,58.60623964549811,64.88634012453477,v2_B2A_p1_s1,B2A,subset_start_end_0_1,ok
186,Street,Street/img_north/image_north_1_0420.png,Street/img_east/image_east_0375.png,64.500099,3.493202329159338,64.62665545780679,67.03067981154682,v2_B2A_p1_s1,B2A,subset_start_end_0_1,ok
187,Street,Street/img/image2_000868.png,Street/img/image2_000850.png,51.766934,6.403064312208075,52.84534318507357,46.52421661735471,v3_B2A_p2_s2,B2A,subset_start_end_0_1,ok
188,Street,Street/img_north/image_north_2_0258.png,Street/img/image2_001211.png,58.679248,9.727715513896726,59.48596416296792,49.86799228825737,v1_A2B_p2_s2,A2B,subset_start_end_0_1,ok
189,Street,Street/img/image2_000275.png,Street/img/image2_000257.png,56.97419,4.819392351547823,57.05363766078494,52.80300320770148,v3_B2A_p2_s2,B2A,subset_start_end_0_1,ok
190,Street,Street/img_north/image_north_2_0509.png,Street/img/image2_000243.png,52.82049,3.1333613145018893,52.90702129259508,49.54837272876222,v3_B2A_p2_s2,B2A,subset_start_end_0_1,ok
191,Street,Street/img/image2_000242.png,Street/img/image2_000284.png,64.578924,15.603279773032538,64.88557341623469,49.521789874714194,v3_B2A_p2_s2,B2A,subset_start_end_0_1,ok
192,Street,Street/img_north/image_north_2_0204.png,Street/img_east/image_east_0179.png,59.702329,4.355979293211889,59.86386913374372,64.02281041878231,v0_A2B_p1_s1,A2B,subset_start_end_0_1,ok
193,Street,Street/img/image2_000288.png,Street/img/image2_000250.png,60.380094,35.21905240690966,60.64229329192291,25.45425155067777,v0_A2B_p1_s1,A2B,subset_start_end_0_1,ok
194,Street,Street/img_north/image_north_2_0207.png,Street/img_east/image_east_0182.png,54.742853,3.619776815978622,55.416458814658014,51.91547045323809,v3_B2A_p2_s2,B2A,subset_start_end_0_1,ok
195,Street,Street/img/image2_001385.png,Street/img_north/image_north_1_0271.png,57.405214,10.57348048407884,57.972080907146754,47.59650648044753,v3_B2A_p2_s2,B2A,subset_start_end_0_1,ok
196,Street,Street/img_north/image_north_2_0258.png,Street/img/image2_001210.png,62.008224,7.758075680919125,62.49091660445384,54.98711734495063,v2_B2A_p1_s1,B2A,subset_start_end_0_1,ok
197,Street,Street/img/image2_000208.png,Street/img/image2_000190.png,56.342357,19.03562017502715,56.421214006039136,75.42552640640355,v2_B2A_p1_s1,B2A,subset_start_end_0_1,ok
198,Street,Street/img_north/image_north_1_0429.png,Street/img_east/image_east_0384.png,63.453999,2.3211618015023032,63.78858261257554,63.47811324665784,v2_B2A_p1_s1,B2A,subset_start_end_0_1,ok
199,Street,Street/img/image2_000927.png,Street/img_north/image_north_1_0375.png,55.884372,2.8328056507382193,55.96214973701923,53.263504924895344,v0_A2B_p1_s1,A2B,subset_start_end_0_1,ok
200,Street,Street/img/image2_000810.png,Street/img/image2_000707.png,54.921784,5.141714965244293,56.58960883829046,52.106859991549015,v0_A2B_p1_s1,A2B,subset_start_end_0_1,ok
201,Street,Street/img/image2_001967.png,Street/img_north/image_north_1_0149.png,64.684399,7.961695737523595,65.08363248318564,57.82871919680898,v3_B2A_p2_s2,B2A,subset_start_end_0_1,ok
202,Street,Street/img/image2_000871.png,Street/img/image2_000846.png,52.158395,1.6100989100655014,52.177076448374244,50.99410923055904,v1_A2B_p2_s2,A2B,subset_start_end_0_1,ok
203,Street,Street/img/image2_000290.png,Street/img/image2_000251.png,57.301168,8.745787072300029,57.58652413472042,48.98157128574957,v0_A2B_p1_s1,A2B,subset_start_end_0_1,ok
204,Street,Street/img/image2_000766.png,Street/img_south/image_south_1_0250.png,53.74211,8.342310753958245,53.7773594024978,45.59255807981113,v2_B2A_p1_s1,B2A,subset_start_end_0_1,ok
205,Street,Street/img/image2_001778.png,Street/img_east/image_east_0128.png,64.369179,8.658737605321734,66.7125511586402,63.19229100696475,v0_A2B_p1_s1,A2B,subset_start_end_0_1,ok
206,Street,Street/img/image2_000209.png,Street/img/image2_000190.png,59.812723,11.461716402443802,59.84950254510109,71.35815935742426,v1_A2B_p2_s2,A2B,subset_start_end_0_1,ok
207,Street,Street/img/image2_000443.png,Street/img/image2_000471.png,60.468852,1.913175888134218,60.53389160180506,59.03862408261648,v1_A2B_p2_s2,A2B,subset_start_end_0_1,ok
208,Street,Street/img/image2_001779.png,Street/img_east/image_east_0128.png,62.466294,13.537460168699294,65.28636848041893,76.55106936212458,v2_B2A_p1_s1,B2A,subset_start_end_0_1,ok
209,Street,Street/img/image2_000213.png,Street/img_west/image_west_0114.png,55.214558,5.456182440373775,55.26481967109448,60.53487163332184,v2_B2A_p1_s1,B2A,subset_start_end_0_1,ok
210,Street,Street/img/image2_000925.png,Street/img_north/image_north_1_0377.png,53.472424,3.903965676122516,53.74510691686097,50.107433816364505,v2_B2A_p1_s1,B2A,subset_start_end_0_1,ok
211,Street,Street/img/image2_000923.png,Street/img/image2_000920.png,51.037972,5.3279861470705345,51.12300997464244,46.11713382805378,v2_B2A_p1_s1,B2A,subset_start_end_0_1,ok
212,Street,Street/img/image2_000289.png,Street/img/image2_000251.png,63.987808,9.816835304225593,64.34944455944529,55.03642375264679,v1_A2B_p2_s2,A2B,subset_start_end_0_1,ok
213,Street,Street/img/image2_002056.png,Street/img_south/image_south_1_0526.png,61.29995,144.72146513654522,61.31788564094164,83.50317289361284,v1_A2B_p2_s2,A2B,subset_start_end_0_1,ok
214,Street,Street/img/image2_000587.png,Street/img_east/image_east_0393.png,53.667697,4.871220460629045,53.77795118357082,48.88716637385015,v3_B2A_p2_s2,B2A,subset_start_end_0_1,ok
215,Street,Street/img/image2_002340.png,Street/img/image2_002431.png,61.089544,4.933715648394354,61.48883219681581,66.46219232736361,v1_A2B_p2_s2,A2B,subset_start_end_0_1,ok
216,Street,Street/img/image2_000703.png,Street/img/image2_000806.png,64.949338,6.222627217452003,65.70403298058186,59.63002583219383,v1_A2B_p2_s2,A2B,subset_start_end_0_1,ok
217,Street,Street/img/image2_001778.png,Street/img_east/image_east_0129.png,64.773945,7.727302495225971,66.86838502484648,70.3349936451895,v3_B2A_p2_s2,B2A,subset_start_end_0_1,ok
218,Street,Street/img/image2_000651.png,Street/img_east/image_east_0365.png,54.596012,8.442187267412264,54.67281792666391,63.060813155143634,v3_B2A_p2_s2,B2A,subset_start_end_0_1,ok
219,Street,Street/img/image2_000704.png,Street/img/image2_000807.png,63.940035,2.9703116754900845,64.97300640009011,62.60190183240357,v1_A2B_p2_s2,A2B,subset_start_end_0_1,ok
220,Street,Street/img/image2_002336.png,Street/img/image2_002434.png,59.153809,14.255667681147807,60.1788410359146,74.35125611071697,v0_A2B_p1_s1,A2B,subset_start_end_0_1,ok
221,Street,Street/img/image2_000871.png,Street/img/image2_000845.png,58.990343,3.622976036579113,59.035487992972804,55.784086562751924,v1_A2B_p2_s2,A2B,subset_start_end_0_1,ok
222,Street,Street/img/image2_000208.png,Street/img/image2_000189.png,58.355998,9.763665798310765,58.3599429144061,68.1880397309497,v1_A2B_p2_s2,A2B,subset_start_end_0_1,ok
223,Street,Street/img/image2_001969.png,Street/img_north/image_north_1_0148.png,53.908693,3.942402663849937,54.70204731245471,51.32318760854648,v2_B2A_p1_s1,B2A,subset_start_end_0_1,ok
224,Street,Street/img/image2_001754.png,Street/img_west/image_west_0457.png,52.861152,10.021788132704895,54.01960423953546,44.46564861130927,v0_A2B_p1_s1,A2B,subset_start_end_0_1,ok
225,Street,Street/img/image2_000866.png,Street/img/image2_000852.png,53.090835,7.256757194220648,53.59407334454486,46.662916518305536,v3_B2A_p2_s2,B2A,subset_start_end_0_1,ok
226,Street,Street/img/image2_000856.png,Street/img/image2_000861.png,51.787677,1.9518395901737617,51.830900809035214,50.36231547194132,v3_B2A_p2_s2,B2A,subset_start_end_0_1,ok
227,Street,Street/img/image2_002057.png,Street/img_south/image_south_1_0527.png,55.35544,8.799917545572384,55.38244102709467,46.63931301058269,v2_B2A_p1_s1,B2A,subset_start_end_0_1,ok
228,Street,Street/img/image2_000213.png,Street/img_west/image_west_0115.png,53.937819,4.394168533173596,54.08647784735365,57.6545944695932,v1_A2B_p2_s2,A2B,subset_start_end_0_1,ok
229,Street,Street/img/image2_000267.png,Street/img/image2_000262.png,60.207336,37.98133758584306,60.589203484504786,22.653188854132033,v0_A2B_p1_s1,A2B,subset_start_end_0_1,ok
230,Street,Street/img/image2_000206.png,Street/img/image2_000191.png,57.911715,7.90544754585959,58.143426915929034,65.11931052832674,v2_B2A_p1_s1,B2A,subset_start_end_0_1,ok
231,Street,Street/img/image2_000926.png,Street/img_north/image_north_1_0375.png,50.556373,6.033735718545696,50.69981065599066,44.718525958725586,v2_B2A_p1_s1,B2A,subset_start_end_0_1,ok
232,Street,Street/img/image2_000274.png,Street/img/image2_000257.png,64.002919,5.307369221618258,64.09808029795016,59.55544011019237,v0_A2B_p1_s1,A2B,subset_start_end_0_1,ok
233,Street,Street/img/image2_002112.png,Street/img_east/image_east_0067.png,51.725712,5.566129214446532,51.760448974947245,46.18089409329951,v3_B2A_p2_s2,B2A,subset_start_end_0_1,ok
234,Street,Street/img/image2_000290.png,Street/img/image2_000250.png,50.889185,4.2395993935205984,50.981082029654864,46.87134205812133,v2_B2A_p1_s1,B2A,subset_start_end_0_1,ok
235,Street,Street/img/image2_000810.png,Street/img/image2_000706.png,57.893796,4.442129768683232,59.277057568399314,57.908072597924175,v0_A2B_p1_s1,A2B,subset_start_end_0_1,ok
236,Street,Street/img/image2_000270.png,Street/img/image2_000261.png,50.555129,5.9552137657171125,51.50978670431069,45.93413992140563,v3_B2A_p2_s2,B2A,subset_start_end_0_1,ok
237,Street,Street/img/image2_001447.png,Street/img_east/image_east_0192.png,63.700557,3.87356756508659,64.27157501528377,66.99561216541923,v3_B2A_p2_s2,B2A,subset_start_end_0_1,ok
238,Street,Street/img/image2_000177.png,Street/img_west/image_west_0115.png,56.5085,27.028414876300527,58.21976439228301,31.31966571972701,v1_A2B_p2_s2,A2B,subset_start_end_0_1,ok
239,Street,Street/img/image2_001211.png,Street/img_north/image_north_1_0292.png,56.715824,7.902451519914758,57.17843921986166,49.526847754508374,v3_B2A_p2_s2,B2A,subset_start_end_0_1,ok
240,Street,Street/img/image2_000209.png,Street/img/image2_000188.png,63.268396,21.361824689908275,63.27297848941012,84.64889672455442,v0_A2B_p1_s1,A2B,subset_start_end_0_1,ok
241,Street,Street/img/image2_001211.png,Street/img_north/image_north_1_0293.png,58.553304,nan,nan,nan,v2_B2A_p1_s1,B2A,subset_start_end_0_1,missing_pred
242,Street,Street/img/image2_000247.png,Street/img/image2_000244.png,54.319017,nan,nan,nan,v2_B2A_p1_s1,B2A,subset_start_end_0_1,missing_pred
243,Street,Street/img/image2_001212.png,Street/img_north/image_north_1_0292.png,59.232186,nan,nan,nan,v1_A2B_p2_s2,A2B,subset_start_end_0_1,missing_pred
244,Street,Street/img/image2_001780.png,Street/img_east/image_east_0128.png,56.859314,nan,nan,nan,v1_A2B_p2_s2,A2B,subset_start_end_0_1,missing_pred
245,Street,Street/img/image2_001449.png,Street/img_east/image_east_0193.png,55.037576,nan,nan,nan,v1_A2B_p2_s2,A2B,subset_start_end_0_1,missing_pred
246,Street,Street/img/image2_001968.png,Street/img_north/image_north_1_0149.png,56.597661,nan,nan,nan,v3_B2A_p2_s2,B2A,subset_start_end_0_1,missing_pred
247,Street,Street/img/image2_000445.png,Street/img/image2_000471.png,63.389316,nan,nan,nan,v1_A2B_p2_s2,A2B,subset_start_end_0_1,missing_pred
248,Street,Street/img/image2_002064.png,Street/img_west/image_west_0517.png,60.508717,nan,nan,nan,v0_A2B_p1_s1,A2B,subset_start_end_0_1,missing_pred
249,Street,Street/img/image2_000359.png,Street/img_west/image_west_0157.png,56.138055,nan,nan,nan,v2_B2A_p1_s1,B2A,subset_start_end_0_1,missing_pred
250,Street,Street/img/image2_000293.png,Street/img/image2_000253.png,57.363082,nan,nan,nan,v2_B2A_p1_s1,B2A,subset_start_end_0_1,missing_pred
251,Street,Street/img/image2_002063.png,Street/img_west/image_west_0516.png,56.827989,nan,nan,nan,v0_A2B_p1_s1,A2B,subset_start_end_0_1,missing_pred
252,Street,Street/img/image2_001216.png,Street/img/image2_001212.png,60.095041,nan,nan,nan,v3_B2A_p2_s2,B2A,subset_start_end_0_1,missing_pred
253,Street,Street/img/image2_001809.png,Street/img/image2_001788.png,50.282061,nan,nan,nan,v2_B2A_p1_s1,B2A,subset_start_end_0_1,missing_pred
254,Street,Street/img/image2_001754.png,Street/img_west/image_west_0458.png,59.804567,nan,nan,nan,v1_A2B_p2_s2,A2B,subset_start_end_0_1,missing_pred
255,Street,Street/img/image2_000853.png,Street/img/image2_000864.png,61.505438,nan,nan,nan,v3_B2A_p2_s2,B2A,subset_start_end_0_1,missing_pred
256,Street,Street/img/image2_002059.png,Street/img_south/image_south_1_0528.png,55.317168,nan,nan,nan,v0_A2B_p1_s1,A2B,subset_start_end_0_1,missing_pred
257,Street,Street/img/image2_001784.png,Street/img_east/image_east_0125.png,50.097377,nan,nan,nan,v3_B2A_p2_s2,B2A,subset_start_end_0_1,missing_pred
258,Street,Street/img/image2_000924.png,Street/img_north/image_north_1_0377.png,59.195342,nan,nan,nan,v3_B2A_p2_s2,B2A,subset_start_end_0_1,missing_pred
259,Street,Street/img/image2_000923.png,Street/img_north/image_north_1_0377.png,60.551421,nan,nan,nan,v0_A2B_p1_s1,A2B,subset_start_end_0_1,missing_pred
260,Street,Street/img/image2_000240.png,Street/img/image2_000284.png,58.359601,nan,nan,nan,v2_B2A_p1_s1,B2A,subset_start_end_0_1,missing_pred
261,Street,Street/img/image2_000266.png,Street/img/image2_000262.png,54.385948,nan,nan,nan,v1_A2B_p2_s2,A2B,subset_start_end_0_1,missing_pred
262,Street,Street/img/image2_001920.png,Street/img_west/image_west_0492.png,58.546327,14.46016091348206,59.8664671674658,45.45730621411023,v2_B2A_p1_s1,B2A,subset_start_end_0_1,ok
263,Street,Street/img/image2_002338.png,Street/img/image2_002433.png,52.908481,nan,nan,nan,v2_B2A_p1_s1,B2A,subset_start_end_0_1,missing_pred
264,Street,Street/img/image2_001525.png,Street/img_west/image_west_0415.png,59.81065,nan,nan,nan,v2_B2A_p1_s1,B2A,subset_start_end_0_1,missing_pred
265,Street,Street/img/image2_000705.png,Street/img/image2_000808.png,61.290291,nan,nan,nan,v0_A2B_p1_s1,A2B,subset_start_end_0_1,missing_pred
266,Street,Street/img/image2_002058.png,Street/img_south/image_south_1_0527.png,55.011147,nan,nan,nan,v3_B2A_p2_s2,B2A,subset_start_end_0_1,missing_pred
267,Street,Street/img/image2_000355.png,Street/img_west/image_west_0154.png,50.721999,nan,nan,nan,v2_B2A_p1_s1,B2A,subset_start_end_0_1,missing_pred
268,Street,Street/img/image2_001782.png,Street/img_east/image_east_0126.png,55.59088,nan,nan,nan,v3_B2A_p2_s2,B2A,subset_start_end_0_1,missing_pred
269,Street,Street/img/image2_000178.png,Street/img_west/image_west_0115.png,52.523773,nan,nan,nan,v0_A2B_p1_s1,A2B,subset_start_end_0_1,missing_pred
270,Street,Street/img/image2_001323.png,Street/img_east/image_east_0238.png,58.731929,nan,nan,nan,v2_B2A_p1_s1,B2A,subset_start_end_0_1,missing_pred
271,Street,Street/img/image2_001781.png,Street/img_east/image_east_0127.png,55.073372,nan,nan,nan,v3_B2A_p2_s2,B2A,subset_start_end_0_1,missing_pred
272,Street,Street/img/image2_000809.png,Street/img/image2_000706.png,56.611802,nan,nan,nan,v2_B2A_p1_s1,B2A,subset_start_end_0_1,missing_pred
273,Street,Street/img/image2_000335.png,Street/img_west/image_west_0144.png,55.352254,nan,nan,nan,v0_A2B_p1_s1,A2B,subset_start_end_0_1,missing_pred
274,Street,Street/img/image2_001210.png,Street/img_north/image_north_1_0293.png,61.937691,nan,nan,nan,v1_A2B_p2_s2,A2B,subset_start_end_0_1,missing_pred
275,Street,Street/img/image2_000209.png,Street/img/image2_000189.png,61.792853,nan,nan,nan,v2_B2A_p1_s1,B2A,subset_start_end_0_1,missing_pred
276,Street,Street/img/image2_001968.png,Street/img_north/image_north_1_0148.png,57.125366,nan,nan,nan,v1_A2B_p2_s2,A2B,subset_start_end_0_1,missing_pred
277,Street,Street/img/image2_000765.png,Street/img_south/image_south_1_0249.png,56.925812,nan,nan,nan,v2_B2A_p1_s1,B2A,subset_start_end_0_1,missing_pred
278,Street,Street/img/image2_001428.png,Street/img_south/image_south_1_0405.png,58.713311,nan,nan,nan,v1_A2B_p2_s2,A2B,subset_start_end_0_1,missing_pred
279,Street,Street/img/image2_001429.png,Street/img_south/image_south_1_0405.png,54.32756,nan,nan,nan,v0_A2B_p1_s1,A2B,subset_start_end_0_1,missing_pred
280,Street,Street/img/image2_000870.png,Street/img/image2_000849.png,51.371891,nan,nan,nan,v0_A2B_p1_s1,A2B,subset_start_end_0_1,missing_pred
281,Street,Street/img/image2_000289.png,Street/img/image2_000250.png,57.555754,nan,nan,nan,v2_B2A_p1_s1,B2A,subset_start_end_0_1,missing_pred
282,Street,Street/img/image2_000585.png,Street/img_east/image_east_0395.png,63.773823,nan,nan,nan,v3_B2A_p2_s2,B2A,subset_start_end_0_1,missing_pred
283,Street,Street/img/image2_000247.png,Street/img/image2_000243.png,60.052042,nan,nan,nan,v2_B2A_p1_s1,B2A,subset_start_end_0_1,missing_pred
284,Street,Street/img/image2_002338.png,Street/img/image2_002432.png,56.334024,nan,nan,nan,v3_B2A_p2_s2,B2A,subset_start_end_0_1,missing_pred
285,Street,Street/img/image2_002341.png,Street/img/image2_002429.png,62.584508,nan,nan,nan,v2_B2A_p1_s1,B2A,subset_start_end_0_1,missing_pred
