pair_idx,pair_source,scene_name,sequence_name,sequence_b,split_a,split_b,rel_a,rel_b,yaw_diff_deg,pitch_diff_deg,geodesic_rot_deg,overlap_amount,metadata_scene,pose_source,quat_convention
0,selp_metadata,Street,img_east,img,,,Street/img_east/image_east_0266.png,Street/img/image2_001121.png,59.975898,3.221206,61.555984,none,Street,selp_npy_quaternion,w2c
1,selp_metadata,Street,img_south,img,,,Street/img_south/image_south_1_0048.png,Street/img/image1_000245.png,62.954206,1.738907,63.114772,none,Street,selp_npy_quaternion,w2c
2,selp_metadata,StMarysChurch,seq10,seq4,,,StMarysChurch/seq10/frame00046.png,StMarysChurch/seq4/frame00106.png,51.541693,17.449371,56.141374,small,StMarysChurch,selp_npy_quaternion,w2c
3,selp_metadata,GreatCourt,seq3,seq5,,,GreatCourt/seq3/frame00318.png,GreatCourt/seq5/frame00368.png,59.341141,0.627999,59.762347,small,GreatCourt,selp_npy_quaternion,w2c
4,selp_metadata,GreatCourt,seq2,seq3,,,GreatCourt/seq2/frame00078.png,GreatCourt/seq3/frame00541.png,55.182398,2.701816,55.800458,small,GreatCourt,selp_npy_quaternion,w2c
5,selp_metadata,Street,img_west,img_south,,,Street/img_west/image_west_0422.png,Street/img_south/image_south_1_0424.png,52.357804,15.450621,54.771609,small,Street,selp_npy_quaternion,w2c
6,selp_metadata,GreatCourt,seq1,seq5,,,GreatCourt/seq1/frame00038.png,GreatCourt/seq5/frame00265.png,55.898099,0.125443,55.973463,small,GreatCourt,selp_npy_quaternion,w2c
7,selp_metadata,StMarysChurch,seq5,seq6,,,StMarysChurch/seq5/frame00045.png,StMarysChurch/seq6/frame00015.png,52.807049,5.072912,53.070220,small,StMarysChurch,selp_npy_quaternion,w2c
8,selp_metadata,StMarysChurch,seq4,seq10,,,StMarysChurch/seq4/frame00098.png,StMarysChurch/seq10/frame00036.png,61.173862,16.637002,65.821367,none,StMarysChurch,selp_npy_quaternion,w2c
9,selp_metadata,StMarysChurch,seq13,seq12,,,StMarysChurch/seq13/frame00261.png,StMarysChurch/seq12/frame00163.png,51.070971,16.178427,55.307393,small,StMarysChurch,selp_npy_quaternion,w2c
10,selp_metadata,Street,img_north,img_east,,,Street/img_north/image_north_1_0426.png,Street/img_east/image_east_0382.png,57.365690,0.964868,57.438212,small,Street,selp_npy_quaternion,w2c
11,selp_metadata,GreatCourt,seq5,seq1,,,GreatCourt/seq5/frame00094.png,GreatCourt/seq1/frame00138.png,56.741743,2.074644,56.864893,small,GreatCourt,selp_npy_quaternion,w2c
12,selp_metadata,GreatCourt,seq4,seq1,,,GreatCourt/seq4/frame00130.png,GreatCourt/seq1/frame00169.png,57.759328,0.183857,58.105831,small,GreatCourt,selp_npy_quaternion,w2c
13,selp_metadata,Street,img,img,,,Street/img/image2_002337.png,Street/img/image2_002433.png,55.900667,3.339749,56.157290,small,Street,selp_npy_quaternion,w2c
14,selp_metadata,Street,img_east,img_north,,,Street/img_east/image_east_0139.png,Street/img_north/image_north_1_0205.png,64.884822,2.475537,64.998163,none,Street,selp_npy_quaternion,w2c
15,selp_metadata,Street,img_south,img,,,Street/img_south/image_south_1_0044.png,Street/img/image1_000216.png,50.020701,2.022238,50.280210,small,Street,selp_npy_quaternion,w2c
16,selp_metadata,StMarysChurch,seq10,seq4,,,StMarysChurch/seq10/frame00046.png,StMarysChurch/seq4/frame00105.png,50.861128,16.252837,54.840936,small,StMarysChurch,selp_npy_quaternion,w2c
17,selp_metadata,GreatCourt,seq3,seq1,,,GreatCourt/seq3/frame00316.png,GreatCourt/seq1/frame00187.png,61.944133,2.073461,62.147140,none,GreatCourt,selp_npy_quaternion,w2c
18,selp_metadata,GreatCourt,seq2,seq5,,,GreatCourt/seq2/frame00106.png,GreatCourt/seq5/frame00266.png,53.298468,4.819264,53.504421,small,GreatCourt,selp_npy_quaternion,w2c
19,selp_metadata,Street,img_west,img_south,,,Street/img_west/image_west_0423.png,Street/img_south/image_south_1_0425.png,53.515433,12.171753,54.943837,small,Street,selp_npy_quaternion,w2c
20,selp_metadata,GreatCourt,seq1,seq3,,,GreatCourt/seq1/frame00188.png,GreatCourt/seq3/frame00316.png,64.311598,4.238882,64.698041,none,GreatCourt,selp_npy_quaternion,w2c
21,selp_metadata,StMarysChurch,seq5,seq6,,,StMarysChurch/seq5/frame00043.png,StMarysChurch/seq6/frame00017.png,50.345926,2.897305,50.785123,small,StMarysChurch,selp_npy_quaternion,w2c
22,selp_metadata,StMarysChurch,seq4,seq10,,,StMarysChurch/seq4/frame00097.png,StMarysChurch/seq10/frame00036.png,56.312977,18.499023,61.278096,small,StMarysChurch,selp_npy_quaternion,w2c
23,selp_metadata,StMarysChurch,seq13,seq4,,,StMarysChurch/seq13/frame00050.png,StMarysChurch/seq4/frame00062.png,50.852933,19.938224,56.245988,small,StMarysChurch,selp_npy_quaternion,w2c
24,selp_metadata,Street,img_north,img,,,Street/img_north/image_north_2_0382.png,Street/img/image2_000673.png,60.084633,2.897152,62.594197,small,Street,selp_npy_quaternion,w2c
25,selp_metadata,GreatCourt,seq5,seq3,,,GreatCourt/seq5/frame00316.png,GreatCourt/seq3/frame00369.png,64.870134,0.323462,65.517689,none,GreatCourt,selp_npy_quaternion,w2c
26,selp_metadata,GreatCourt,seq4,seq3,,,GreatCourt/seq4/frame00049.png,GreatCourt/seq3/frame00485.png,60.823333,2.126214,60.868046,none,GreatCourt,selp_npy_quaternion,w2c
27,selp_metadata,Street,img,img,,,Street/img/image2_000248.png,Street/img/image2_000244.png,62.278000,2.117295,62.328841,none,Street,selp_npy_quaternion,w2c
28,selp_metadata,Street,img_east,img,,,Street/img_east/image_east_0267.png,Street/img/image2_001119.png,63.526741,2.350013,65.738910,none,Street,selp_npy_quaternion,w2c
29,selp_metadata,GreatCourt,seq3,seq5,,,GreatCourt/seq3/frame00148.png,GreatCourt/seq5/frame00588.png,61.415061,0.594266,61.513110,none,GreatCourt,selp_npy_quaternion,w2c
30,selp_metadata,GreatCourt,seq2,seq5,,,GreatCourt/seq2/frame00106.png,GreatCourt/seq5/frame00265.png,52.537993,5.270692,52.785971,small,GreatCourt,selp_npy_quaternion,w2c
31,selp_metadata,GreatCourt,seq1,seq5,,,GreatCourt/seq1/frame00552.png,GreatCourt/seq5/frame00468.png,59.792923,3.178692,61.027948,small,GreatCourt,selp_npy_quaternion,w2c
32,selp_metadata,StMarysChurch,seq5,seq1,,,StMarysChurch/seq5/frame00023.png,StMarysChurch/seq1/frame00219.png,53.505843,5.292809,54.955863,small,StMarysChurch,selp_npy_quaternion,w2c
33,selp_metadata,StMarysChurch,seq13,seq4,,,StMarysChurch/seq13/frame00050.png,StMarysChurch/seq4/frame00061.png,53.061544,19.738182,58.122728,small,StMarysChurch,selp_npy_quaternion,w2c
34,selp_metadata,Street,img_north,img,,,Street/img_north/image_north_2_0383.png,Street/img/image2_000673.png,57.391462,4.846029,60.558362,small,Street,selp_npy_quaternion,w2c
35,selp_metadata,GreatCourt,seq5,seq3,,,GreatCourt/seq5/frame00300.png,GreatCourt/seq3/frame00540.png,51.794387,5.921695,52.141245,small,GreatCourt,selp_npy_quaternion,w2c
36,selp_metadata,GreatCourt,seq4,seq3,,,GreatCourt/seq4/frame00048.png,GreatCourt/seq3/frame00483.png,64.289494,1.455682,64.456347,none,GreatCourt,selp_npy_quaternion,w2c
37,selp_metadata,Street,img,img,,,Street/img/image2_002343.png,Street/img/image2_002428.png,64.965828,1.652438,65.051739,none,Street,selp_npy_quaternion,w2c
38,selp_metadata,Street,img_east,img_north,,,Street/img_east/image_east_0129.png,Street/img_north/image_north_2_0152.png,64.936979,4.376748,65.092422,none,Street,selp_npy_quaternion,w2c
39,selp_metadata,GreatCourt,seq3,seq5,,,GreatCourt/seq3/frame00140.png,GreatCourt/seq5/frame00141.png,58.811426,2.181350,58.892187,small,GreatCourt,selp_npy_quaternion,w2c
40,selp_metadata,GreatCourt,seq2,seq5,,,GreatCourt/seq2/frame00104.png,GreatCourt/seq5/frame00267.png,54.811936,5.051717,55.031062,small,GreatCourt,selp_npy_quaternion,w2c
41,selp_metadata,GreatCourt,seq1,seq5,,,GreatCourt/seq1/frame00547.png,GreatCourt/seq5/frame00473.png,58.548915,1.101270,58.667066,small,GreatCourt,selp_npy_quaternion,w2c
42,selp_metadata,StMarysChurch,seq5,seq6,,,StMarysChurch/seq5/frame00043.png,StMarysChurch/seq6/frame00016.png,58.153994,1.217925,58.342799,small,StMarysChurch,selp_npy_quaternion,w2c
43,selp_metadata,StMarysChurch,seq13,seq12,,,StMarysChurch/seq13/frame00262.png,StMarysChurch/seq12/frame00164.png,57.062552,15.807551,61.071151,small,StMarysChurch,selp_npy_quaternion,w2c
44,selp_metadata,Street,img_north,img_east,,,Street/img_north/image_north_2_0163.png,Street/img_east/image_east_0141.png,62.804477,4.135351,62.927234,none,Street,selp_npy_quaternion,w2c
45,selp_metadata,GreatCourt,seq5,seq3,,,GreatCourt/seq5/frame00351.png,GreatCourt/seq3/frame00336.png,50.320658,3.262627,51.443231,small,GreatCourt,selp_npy_quaternion,w2c
46,selp_metadata,GreatCourt,seq4,seq1,,,GreatCourt/seq4/frame00128.png,GreatCourt/seq1/frame00168.png,53.154373,1.316928,53.667825,small,GreatCourt,selp_npy_quaternion,w2c
47,selp_metadata,Street,img,img_west,,,Street/img/image2_001523.png,Street/img_west/image_west_0414.png,59.874767,3.468489,60.200567,none,Street,selp_npy_quaternion,w2c
48,selp_metadata,Street,img_east,img,,,Street/img_east/image_east_0525.png,Street/img/image2_000031.png,55.304191,0.879695,56.018540,small,Street,selp_npy_quaternion,w2c
49,selp_metadata,GreatCourt,seq3,seq5,,,GreatCourt/seq3/frame00190.png,GreatCourt/seq5/frame00191.png,53.830221,0.935106,53.837939,small,GreatCourt,selp_npy_quaternion,w2c
50,selp_metadata,GreatCourt,seq2,seq5,,,GreatCourt/seq2/frame00104.png,GreatCourt/seq5/frame00266.png,55.509020,2.589654,55.566717,small,GreatCourt,selp_npy_quaternion,w2c
51,selp_metadata,GreatCourt,seq1,seq3,,,GreatCourt/seq1/frame00091.png,GreatCourt/seq3/frame00236.png,50.534504,6.575303,51.307525,small,GreatCourt,selp_npy_quaternion,w2c
52,selp_metadata,StMarysChurch,seq5,seq6,,,StMarysChurch/seq5/frame00044.png,StMarysChurch/seq6/frame00015.png,55.225982,6.608973,55.839389,small,StMarysChurch,selp_npy_quaternion,w2c
53,selp_metadata,Street,img_north,img,,,Street/img_north/image_north_1_0109.png,Street/img/image2_002393.png,59.015296,1.303172,61.747837,small,Street,selp_npy_quaternion,w2c
54,selp_metadata,GreatCourt,seq5,seq3,,,GreatCourt/seq5/frame00376.png,GreatCourt/seq3/frame00314.png,60.219252,0.624198,62.443133,small,GreatCourt,selp_npy_quaternion,w2c
55,selp_metadata,GreatCourt,seq4,seq2,,,GreatCourt/seq4/frame00128.png,GreatCourt/seq2/frame00233.png,51.681172,0.122536,52.457057,small,GreatCourt,selp_npy_quaternion,w2c
56,selp_metadata,Street,img,img,,,Street/img/image2_000293.png,Street/img/image2_000254.png,61.917187,4.745384,62.165151,none,Street,selp_npy_quaternion,w2c
57,selp_metadata,Street,img_east,img,,,Street/img_east/image_east_0226.png,Street/img/image2_001298.png,57.569417,6.837747,58.209936,small,Street,selp_npy_quaternion,w2c
58,selp_metadata,GreatCourt,seq3,seq5,,,GreatCourt/seq3/frame00138.png,GreatCourt/seq5/frame00572.png,62.571747,2.404964,62.876370,none,GreatCourt,selp_npy_quaternion,w2c
59,selp_metadata,GreatCourt,seq2,seq5,,,GreatCourt/seq2/frame00082.png,GreatCourt/seq5/frame00294.png,59.573129,9.256117,60.429084,small,GreatCourt,selp_npy_quaternion,w2c
60,selp_metadata,GreatCourt,seq1,seq3,,,GreatCourt/seq1/frame00193.png,GreatCourt/seq3/frame00323.png,59.209895,2.915817,59.287229,small,GreatCourt,selp_npy_quaternion,w2c
61,selp_metadata,Street,img_north,img_east,,,Street/img_north/image_north_1_0458.png,Street/img_east/image_east_0416.png,55.254535,2.490401,55.582898,small,Street,selp_npy_quaternion,w2c
62,selp_metadata,GreatCourt,seq5,seq1,,,GreatCourt/seq5/frame00353.png,GreatCourt/seq1/frame00203.png,56.379565,7.555912,57.172223,small,GreatCourt,selp_npy_quaternion,w2c
63,selp_metadata,GreatCourt,seq4,seq1,,,GreatCourt/seq4/frame00130.png,GreatCourt/seq1/frame00168.png,53.369228,1.387911,53.788154,small,GreatCourt,selp_npy_quaternion,w2c
64,selp_metadata,Street,img,img_east,,,Street/img/image2_001785.png,Street/img_east/image_east_0125.png,50.637140,8.901330,52.930106,small,Street,selp_npy_quaternion,w2c
65,selp_metadata,Street,img_east,img,,,Street/img_east/image_east_0227.png,Street/img/image2_001299.png,56.562470,8.377901,57.192433,small,Street,selp_npy_quaternion,w2c
66,selp_metadata,GreatCourt,seq3,seq5,,,GreatCourt/seq3/frame00149.png,GreatCourt/seq5/frame00588.png,64.279627,1.405014,64.496044,none,GreatCourt,selp_npy_quaternion,w2c
67,selp_metadata,GreatCourt,seq2,seq5,,,GreatCourt/seq2/frame00105.png,GreatCourt/seq5/frame00267.png,56.342509,3.316167,56.433689,small,GreatCourt,selp_npy_quaternion,w2c
68,selp_metadata,GreatCourt,seq1,seq3,,,GreatCourt/seq1/frame00111.png,GreatCourt/seq3/frame00255.png,54.832442,6.296675,55.281600,small,GreatCourt,selp_npy_quaternion,w2c
69,selp_metadata,Street,img_north,img_east,,,Street/img_north/image_north_1_0425.png,Street/img_east/image_east_0380.png,63.870937,1.572418,63.890389,none,Street,selp_npy_quaternion,w2c
70,selp_metadata,GreatCourt,seq5,seq1,,,GreatCourt/seq5/frame00354.png,GreatCourt/seq1/frame00202.png,59.825873,6.146908,60.194353,small,GreatCourt,selp_npy_quaternion,w2c
71,selp_metadata,GreatCourt,seq4,seq1,,,GreatCourt/seq4/frame00129.png,GreatCourt/seq1/frame00168.png,54.952665,1.033303,55.416059,small,GreatCourt,selp_npy_quaternion,w2c
72,selp_metadata,Street,img,img,,,Street/img/image2_002340.png,Street/img/image2_002432.png,57.518114,6.090878,57.940749,small,Street,selp_npy_quaternion,w2c
73,selp_metadata,Street,img_east,img,,,Street/img_east/image_east_0268.png,Street/img/image2_001119.png,59.256422,1.471334,61.455908,small,Street,selp_npy_quaternion,w2c
74,selp_metadata,GreatCourt,seq3,seq1,,,GreatCourt/seq3/frame00321.png,GreatCourt/seq1/frame00192.png,64.389681,5.857060,64.681419,none,GreatCourt,selp_npy_quaternion,w2c
75,selp_metadata,GreatCourt,seq2,seq5,,,GreatCourt/seq2/frame00083.png,GreatCourt/seq5/frame00294.png,59.293932,7.827446,60.275643,small,GreatCourt,selp_npy_quaternion,w2c
76,selp_metadata,GreatCourt,seq1,seq5,,,GreatCourt/seq1/frame00405.png,GreatCourt/seq5/frame00201.png,52.340551,4.614073,52.798218,small,GreatCourt,selp_npy_quaternion,w2c
77,selp_metadata,Street,img_north,img,,,Street/img_north/image_north_2_0235.png,Street/img/image2_001386.png,61.977309,0.662487,63.211509,none,Street,selp_npy_quaternion,w2c
78,selp_metadata,GreatCourt,seq5,seq3,,,GreatCourt/seq5/frame00255.png,GreatCourt/seq3/frame00507.png,52.092967,5.829741,52.890738,small,GreatCourt,selp_npy_quaternion,w2c
79,selp_metadata,GreatCourt,seq4,seq2,,,GreatCourt/seq4/frame00128.png,GreatCourt/seq2/frame00234.png,53.065530,1.133770,53.431314,small,GreatCourt,selp_npy_quaternion,w2c
80,selp_metadata,Street,img,img,,,Street/img/image2_002337.png,Street/img/image2_002435.png,54.196474,1.269042,54.909906,small,Street,selp_npy_quaternion,w2c
81,selp_metadata,Street,img_east,img,,,Street/img_east/image_east_0438.png,Street/img/image2_000432.png,55.167783,0.031233,57.440954,small,Street,selp_npy_quaternion,w2c
82,selp_metadata,GreatCourt,seq1,seq3,,,GreatCourt/seq1/frame00334.png,GreatCourt/seq3/frame00445.png,61.246602,2.006892,61.281141,none,GreatCourt,selp_npy_quaternion,w2c
83,selp_metadata,Street,img_north,img_east,,,Street/img_north/image_north_1_0428.png,Street/img_east/image_east_0383.png,64.882149,0.208388,64.884406,none,Street,selp_npy_quaternion,w2c
84,selp_metadata,GreatCourt,seq5,seq1,,,GreatCourt/seq5/frame00318.png,GreatCourt/seq1/frame00240.png,52.932312,6.026303,53.288703,small,GreatCourt,selp_npy_quaternion,w2c
85,selp_metadata,GreatCourt,seq4,seq3,,,GreatCourt/seq4/frame00045.png,GreatCourt/seq3/frame00482.png,52.680637,0.509147,52.965220,small,GreatCourt,selp_npy_quaternion,w2c
86,selp_metadata,Street,img,img,,,Street/img/image2_000208.png,Street/img/image2_000188.png,59.839877,0.231768,59.847664,small,Street,selp_npy_quaternion,w2c
87,selp_metadata,Street,img_east,img,,,Street/img_east/image_east_0226.png,Street/img/image2_001299.png,55.836578,7.881368,56.519123,small,Street,selp_npy_quaternion,w2c
88,selp_metadata,GreatCourt,seq1,seq5,,,GreatCourt/seq1/frame00039.png,GreatCourt/seq5/frame00264.png,50.531646,1.568173,50.609990,small,GreatCourt,selp_npy_quaternion,w2c
89,selp_metadata,Street,img_north,img,,,Street/img_north/image_north_1_0517.png,Street/img/image2_000300.png,60.424118,1.958990,60.530406,none,Street,selp_npy_quaternion,w2c
90,selp_metadata,GreatCourt,seq5,seq3,,,GreatCourt/seq5/frame00583.png,GreatCourt/seq3/frame00145.png,52.094643,2.772649,52.500639,small,GreatCourt,selp_npy_quaternion,w2c
91,selp_metadata,Street,img,img_west,,,Street/img/image2_001919.png,Street/img_west/image_west_0492.png,60.795166,10.679214,61.663504,none,Street,selp_npy_quaternion,w2c
92,selp_metadata,Street,img_east,img_north,,,Street/img_east/image_east_0132.png,Street/img_north/image_north_2_0154.png,63.151697,0.761429,63.165278,none,Street,selp_npy_quaternion,w2c
93,selp_metadata,GreatCourt,seq1,seq3,,,GreatCourt/seq1/frame00109.png,GreatCourt/seq3/frame00255.png,51.821242,3.911373,52.032030,small,GreatCourt,selp_npy_quaternion,w2c
94,selp_metadata,Street,img_north,img,,,Street/img_north/image_north_2_0373.png,Street/img/image2_000742.png,50.275673,2.405796,51.777352,small,Street,selp_npy_quaternion,w2c
95,selp_metadata,GreatCourt,seq5,seq2,,,GreatCourt/seq5/frame00084.png,GreatCourt/seq2/frame00211.png,64.691571,2.652116,65.283019,none,GreatCourt,selp_npy_quaternion,w2c
96,selp_metadata,Street,img,img,,,Street/img/image1_000377.png,Street/img/image1_000399.png,51.197660,1.224257,51.841153,small,Street,selp_npy_quaternion,w2c
97,selp_metadata,Street,img_east,img,,,Street/img_east/image_east_0476.png,Street/img/image2_000312.png,59.402647,2.349766,59.452872,small,Street,selp_npy_quaternion,w2c
98,selp_metadata,GreatCourt,seq1,seq3,,,GreatCourt/seq1/frame00038.png,GreatCourt/seq3/frame00516.png,50.217090,3.294304,50.324301,small,GreatCourt,selp_npy_quaternion,w2c
99,selp_metadata,Street,img_north,img_east,,,Street/img_north/image_north_1_0429.png,Street/img_east/image_east_0386.png,57.998569,3.564902,58.371682,small,Street,selp_npy_quaternion,w2c
100,selp_metadata,GreatCourt,seq5,seq2,,,GreatCourt/seq5/frame00316.png,GreatCourt/seq2/frame00063.png,64.312785,3.189937,64.568878,none,GreatCourt,selp_npy_quaternion,w2c
101,selp_metadata,Street,img,img_east,,,Street/img/image2_001780.png,Street/img_east/image_east_0127.png,56.100064,8.919171,58.153822,small,Street,selp_npy_quaternion,w2c
102,selp_metadata,Street,img_east,img,,,Street/img_east/image_east_0136.png,Street/img/image2_001840.png,54.930471,1.680238,54.998079,small,Street,selp_npy_quaternion,w2c
103,selp_metadata,GreatCourt,seq1,seq5,,,GreatCourt/seq1/frame00035.png,GreatCourt/seq5/frame00267.png,62.109864,3.959531,62.225271,none,GreatCourt,selp_npy_quaternion,w2c
104,selp_metadata,Street,img_north,img_east,,,Street/img_north/image_north_2_0167.png,Street/img_east/image_east_0145.png,62.171407,4.158657,62.368559,none,Street,selp_npy_quaternion,w2c
105,selp_metadata,GreatCourt,seq5,seq1,,,GreatCourt/seq5/frame00354.png,GreatCourt/seq1/frame00201.png,62.075933,5.576674,62.740576,none,GreatCourt,selp_npy_quaternion,w2c
106,selp_metadata,Street,img,img_south,,,Street/img/image2_000765.png,Street/img_south/image_south_1_0250.png,50.930364,4.801759,51.186542,small,Street,selp_npy_quaternion,w2c
107,selp_metadata,Street,img_east,img,,,Street/img_east/image_east_0475.png,Street/img/image2_000313.png,63.384800,4.724591,63.667676,none,Street,selp_npy_quaternion,w2c
108,selp_metadata,GreatCourt,seq1,seq5,,,GreatCourt/seq1/frame00404.png,GreatCourt/seq5/frame00201.png,52.106256,4.635152,52.600327,small,GreatCourt,selp_npy_quaternion,w2c
109,selp_metadata,Street,img_north,img,,,Street/img_north/image_north_1_0540.png,Street/img/image2_000130.png,50.262685,1.972413,50.514664,small,Street,selp_npy_quaternion,w2c
110,selp_metadata,GreatCourt,seq5,seq1,,,GreatCourt/seq5/frame00372.png,GreatCourt/seq1/frame00184.png,64.643698,13.395971,65.950531,none,GreatCourt,selp_npy_quaternion,w2c
111,selp_metadata,Street,img,img,,,Street/img/image2_001618.png,Street/img/image2_001717.png,52.064813,2.097366,52.320595,small,Street,selp_npy_quaternion,w2c
112,selp_metadata,Street,img_east,img_north,,,Street/img_east/image_east_0181.png,Street/img_north/image_north_1_0244.png,62.270537,8.998063,62.862644,none,Street,selp_npy_quaternion,w2c
113,selp_metadata,GreatCourt,seq1,seq5,,,GreatCourt/seq1/frame00545.png,GreatCourt/seq5/frame00474.png,60.720658,0.157857,61.397269,none,GreatCourt,selp_npy_quaternion,w2c
114,selp_metadata,Street,img_north,img_east,,,Street/img_north/image_north_1_0425.png,Street/img_east/image_east_0381.png,61.178019,0.483601,61.192391,none,Street,selp_npy_quaternion,w2c
115,selp_metadata,GreatCourt,seq5,seq5,,,GreatCourt/seq5/frame00372.png,GreatCourt/seq5/frame00380.png,63.331354,1.892203,64.430287,none,GreatCourt,selp_npy_quaternion,w2c
116,selp_metadata,Street,img,img_east,,,Street/img/image2_001783.png,Street/img_east/image_east_0126.png,50.658811,7.695734,53.878013,small,Street,selp_npy_quaternion,w2c
117,selp_metadata,Street,img_east,img,,,Street/img_east/image_east_0410.png,Street/img/image2_000541.png,62.691284,5.365234,63.209952,none,Street,selp_npy_quaternion,w2c
118,selp_metadata,GreatCourt,seq1,seq5,,,GreatCourt/seq1/frame00036.png,GreatCourt/seq5/frame00266.png,60.059344,0.928932,60.066334,none,GreatCourt,selp_npy_quaternion,w2c
119,selp_metadata,Street,img_north,img_east,,,Street/img_north/image_north_2_0206.png,Street/img_east/image_east_0181.png,61.495959,4.699511,61.925886,none,Street,selp_npy_quaternion,w2c
120,selp_metadata,GreatCourt,seq5,seq3,,,GreatCourt/seq5/frame00316.png,GreatCourt/seq3/frame00370.png,56.008208,0.002468,56.696145,small,GreatCourt,selp_npy_quaternion,w2c
121,selp_metadata,Street,img,img_north,,,Street/img/image2_000927.png,Street/img_north/image_north_1_0376.png,59.750108,2.650937,59.846188,none,Street,selp_npy_quaternion,w2c
122,selp_metadata,Street,img_east,img,,,Street/img_east/image_east_0524.png,Street/img/image2_000031.png,54.833160,2.026068,55.423445,small,Street,selp_npy_quaternion,w2c
123,selp_metadata,GreatCourt,seq1,seq3,,,GreatCourt/seq1/frame00094.png,GreatCourt/seq3/frame00239.png,62.626723,8.308694,63.653868,none,GreatCourt,selp_npy_quaternion,w2c
124,selp_metadata,Street,img_north,img_east,,,Street/img_north/image_north_1_0428.png,Street/img_east/image_east_0384.png,63.692277,4.763670,63.872095,none,Street,selp_npy_quaternion,w2c
125,selp_metadata,GreatCourt,seq5,seq3,,,GreatCourt/seq5/frame00350.png,GreatCourt/seq3/frame00337.png,50.692406,2.715122,51.398654,small,GreatCourt,selp_npy_quaternion,w2c
126,selp_metadata,Street,img,img_north,,,Street/img/image2_001210.png,Street/img_north/image_north_1_0292.png,60.113390,5.274776,60.370012,none,Street,selp_npy_quaternion,w2c
127,selp_metadata,Street,img_east,img,,,Street/img_east/image_east_0136.png,Street/img/image2_001839.png,54.420935,0.493151,54.658580,small,Street,selp_npy_quaternion,w2c
128,selp_metadata,Street,img_north,img_east,,,Street/img_north/image_north_1_0430.png,Street/img_east/image_east_0386.png,59.057067,1.524861,59.283201,small,Street,selp_npy_quaternion,w2c
129,selp_metadata,GreatCourt,seq5,seq1,,,GreatCourt/seq5/frame00315.png,GreatCourt/seq1/frame00244.png,55.340277,5.695269,56.269562,small,GreatCourt,selp_npy_quaternion,w2c
130,selp_metadata,Street,img,img,,,Street/img/image2_002338.png,Street/img/image2_002434.png,52.771952,1.518655,53.481901,small,Street,selp_npy_quaternion,w2c
131,selp_metadata,Street,img_east,img,,,Street/img_east/image_east_0076.png,Street/img/image2_001988.png,50.541122,3.391989,50.788388,small,Street,selp_npy_quaternion,w2c
132,selp_metadata,Street,img_north,img,,,Street/img_north/image_north_2_0257.png,Street/img/image2_001210.png,57.331539,0.434357,58.227068,small,Street,selp_npy_quaternion,w2c
133,selp_metadata,GreatCourt,seq5,seq3,,,GreatCourt/seq5/frame00202.png,GreatCourt/seq3/frame00200.png,50.536629,0.842395,50.791492,small,GreatCourt,selp_npy_quaternion,w2c
134,selp_metadata,Street,img,img_west,,,Street/img/image2_001183.png,Street/img_west/image_west_0361.png,63.617097,5.350025,63.826086,none,Street,selp_npy_quaternion,w2c
135,selp_metadata,Street,img_east,img,,,Street/img_east/image_east_0227.png,Street/img/image2_001300.png,52.627308,11.015798,53.777512,small,Street,selp_npy_quaternion,w2c
136,selp_metadata,Street,img_north,img,,,Street/img_north/image_north_2_0528.png,Street/img/image2_000135.png,56.219981,2.122823,56.260487,small,Street,selp_npy_quaternion,w2c
137,selp_metadata,GreatCourt,seq5,seq3,,,GreatCourt/seq5/frame00364.png,GreatCourt/seq3/frame00321.png,55.773856,13.923073,57.351063,small,GreatCourt,selp_npy_quaternion,w2c
138,selp_metadata,Street,img,img_east,,,Street/img/image2_000787.png,Street/img_east/image_east_0357.png,52.887319,2.878950,56.073251,small,Street,selp_npy_quaternion,w2c
139,selp_metadata,Street,img_east,img_north,,,Street/img_east/image_east_0129.png,Street/img_north/image_north_2_0151.png,63.829329,1.257821,63.841838,none,Street,selp_npy_quaternion,w2c
140,selp_metadata,Street,img_north,img,,,Street/img_north/image_north_2_0234.png,Street/img/image2_001388.png,63.530275,4.237015,64.401660,none,Street,selp_npy_quaternion,w2c
141,selp_metadata,GreatCourt,seq5,seq1,,,GreatCourt/seq5/frame00315.png,GreatCourt/seq1/frame00243.png,51.259860,4.074927,52.211364,small,GreatCourt,selp_npy_quaternion,w2c
142,selp_metadata,Street,img,img,,,Street/img/image2_000288.png,Street/img/image2_000249.png,50.965777,5.760823,51.300521,small,Street,selp_npy_quaternion,w2c
143,selp_metadata,Street,img_east,img,,,Street/img_east/image_east_0268.png,Street/img/image2_001118.png,60.162305,1.985228,62.339973,none,Street,selp_npy_quaternion,w2c
144,selp_metadata,Street,img_north,img,,,Street/img_north/image_north_2_0527.png,Street/img/image2_000135.png,58.228866,4.671913,58.404864,small,Street,selp_npy_quaternion,w2c
145,selp_metadata,GreatCourt,seq5,seq1,,,GreatCourt/seq5/frame00316.png,GreatCourt/seq1/frame00243.png,54.417141,3.124922,54.947843,small,GreatCourt,selp_npy_quaternion,w2c
146,selp_metadata,Street,img,img,,,Street/img/image2_000872.png,Street/img/image2_000844.png,52.562328,6.913989,53.006367,small,Street,selp_npy_quaternion,w2c
147,selp_metadata,Street,img_east,img,,,Street/img_east/image_east_0268.png,Street/img/image2_001117.png,60.518424,4.734070,63.731872,none,Street,selp_npy_quaternion,w2c
148,selp_metadata,Street,img_north,img,,,Street/img_north/image_north_1_0577.png,Street/img/image1_000308.png,62.903079,3.998037,63.765764,none,Street,selp_npy_quaternion,w2c
149,selp_metadata,GreatCourt,seq5,seq3,,,GreatCourt/seq5/frame00353.png,GreatCourt/seq3/frame00334.png,59.824537,6.783241,61.207920,none,GreatCourt,selp_npy_quaternion,w2c
150,selp_metadata,Street,img,img,,,Street/img/image2_000872.png,Street/img/image2_000845.png,51.219565,4.905940,51.465364,small,Street,selp_npy_quaternion,w2c
151,selp_metadata,Street,img_east,img_north,,,Street/img_east/image_east_0130.png,Street/img_north/image_north_2_0153.png,62.393822,0.774111,62.410784,none,Street,selp_npy_quaternion,w2c
152,selp_metadata,Street,img_north,img,,,Street/img_north/image_north_1_0540.png,Street/img/image2_000131.png,52.204842,2.718826,52.832165,small,Street,selp_npy_quaternion,w2c
153,selp_metadata,GreatCourt,seq5,seq5,,,GreatCourt/seq5/frame00364.png,GreatCourt/seq5/frame00366.png,54.733710,6.452394,56.444967,small,GreatCourt,selp_npy_quaternion,w2c
154,selp_metadata,Street,img,img_north,,,Street/img/image2_001386.png,Street/img_north/image_north_1_0271.png,61.011355,5.961473,61.903821,none,Street,selp_npy_quaternion,w2c
155,selp_metadata,Street,img_east,img,,,Street/img_east/image_east_0136.png,Street/img/image2_001841.png,51.961339,2.433013,52.128329,small,Street,selp_npy_quaternion,w2c
156,selp_metadata,Street,img_north,img,,,Street/img_north/image_north_1_0530.png,Street/img/image2_000224.png,63.485844,4.469731,63.683579,none,Street,selp_npy_quaternion,w2c
157,selp_metadata,GreatCourt,seq5,seq3,,,GreatCourt/seq5/frame00584.png,GreatCourt/seq3/frame00147.png,56.155443,3.760986,56.745322,small,GreatCourt,selp_npy_quaternion,w2c
158,selp_metadata,Street,img,img_east,,,Street/img/image2_001448.png,Street/img_east/image_east_0193.png,59.062973,5.655554,59.690526,small,Street,selp_npy_quaternion,w2c
159,selp_metadata,Street,img_east,img,,,Street/img_east/image_east_0439.png,Street/img/image2_000432.png,53.341721,0.855112,55.189773,small,Street,selp_npy_quaternion,w2c
160,selp_metadata,Street,img_north,img_east,,,Street/img_north/image_north_1_0422.png,Street/img_east/image_east_0376.png,62.477349,0.532873,62.570891,none,Street,selp_npy_quaternion,w2c
161,selp_metadata,GreatCourt,seq5,seq5,,,GreatCourt/seq5/frame00037.png,GreatCourt/seq5/frame00359.png,60.279730,6.227929,60.747949,none,GreatCourt,selp_npy_quaternion,w2c
162,selp_metadata,Street,img,img,,,Street/img/image2_002337.png,Street/img/image2_002434.png,55.513600,1.652853,56.473486,small,Street,selp_npy_quaternion,w2c
163,selp_metadata,Street,img_east,img_north,,,Street/img_east/image_east_0130.png,Street/img_north/image_north_2_0152.png,62.921080,6.330401,63.233633,none,Street,selp_npy_quaternion,w2c
164,selp_metadata,Street,img_north,img,,,Street/img_north/image_north_2_0405.png,Street/img/image2_000611.png,64.714637,9.987627,65.664714,none,Street,selp_npy_quaternion,w2c
165,selp_metadata,GreatCourt,seq5,seq3,,,GreatCourt/seq5/frame00355.png,GreatCourt/seq3/frame00588.png,54.461794,5.925052,55.062336,small,GreatCourt,selp_npy_quaternion,w2c
166,selp_metadata,Street,img,img_north,,,Street/img/image2_000925.png,Street/img_north/image_north_1_0376.png,57.098972,2.668715,57.288198,small,Street,selp_npy_quaternion,w2c
167,selp_metadata,Street,img_east,img,,,Street/img_east/image_east_0477.png,Street/img/image2_000311.png,53.918338,5.614105,54.298288,small,Street,selp_npy_quaternion,w2c
168,selp_metadata,Street,img_north,img_east,,,Street/img_north/image_north_1_0431.png,Street/img_east/image_east_0387.png,63.923049,1.926039,64.190454,none,Street,selp_npy_quaternion,w2c
169,selp_metadata,GreatCourt,seq5,seq3,,,GreatCourt/seq5/frame00356.png,GreatCourt/seq3/frame00588.png,56.464529,5.264032,57.271221,small,GreatCourt,selp_npy_quaternion,w2c
170,selp_metadata,Street,img,img,,,Street/img/image2_000272.png,Street/img/image2_000259.png,62.827397,6.432525,63.197240,none,Street,selp_npy_quaternion,w2c
171,selp_metadata,Street,img_east,img,,,Street/img_east/image_east_0581.png,Street/img/image1_000050.png,64.660466,1.464370,64.717870,none,Street,selp_npy_quaternion,w2c
172,selp_metadata,Street,img_north,img,,,Street/img_north/image_north_2_0527.png,Street/img/image2_000136.png,50.154625,6.032851,50.613019,small,Street,selp_npy_quaternion,w2c
173,selp_metadata,GreatCourt,seq5,seq2,,,GreatCourt/seq5/frame00361.png,GreatCourt/seq2/frame00262.png,63.083735,12.500862,64.199757,none,GreatCourt,selp_npy_quaternion,w2c
174,selp_metadata,Street,img,img_north,,,Street/img/image2_000928.png,Street/img_north/image_north_1_0375.png,63.083727,3.541637,63.362278,none,Street,selp_npy_quaternion,w2c
175,selp_metadata,Street,img_north,img,,,Street/img_north/image_north_1_0541.png,Street/img/image2_000130.png,54.541586,2.540467,54.682583,small,Street,selp_npy_quaternion,w2c
176,selp_metadata,GreatCourt,seq5,seq1,,,GreatCourt/seq5/frame00358.png,GreatCourt/seq1/frame00196.png,57.837180,11.479402,59.109215,small,GreatCourt,selp_npy_quaternion,w2c
177,selp_metadata,Street,img,img,,,Street/img/image2_002335.png,Street/img/image2_002436.png,58.834167,1.816756,59.521358,small,Street,selp_npy_quaternion,w2c
178,selp_metadata,Street,img_north,img,,,Street/img_north/image_north_1_0518.png,Street/img/image2_000300.png,58.671101,1.018518,58.878537,small,Street,selp_npy_quaternion,w2c
179,selp_metadata,GreatCourt,seq5,seq3,,,GreatCourt/seq5/frame00353.png,GreatCourt/seq3/frame00335.png,63.025568,7.576834,64.077458,none,GreatCourt,selp_npy_quaternion,w2c
180,selp_metadata,Street,img,img_west,,,Street/img/image2_000212.png,Street/img_west/image_west_0114.png,57.941408,2.115774,57.988021,small,Street,selp_npy_quaternion,w2c
181,selp_metadata,Street,img_north,img_east,,,Street/img_north/image_north_2_0204.png,Street/img_east/image_east_0180.png,61.702464,2.170628,61.870993,none,Street,selp_npy_quaternion,w2c
182,selp_metadata,GreatCourt,seq5,seq3,,,GreatCourt/seq5/frame00257.png,GreatCourt/seq3/frame00507.png,63.575081,6.149833,64.444296,none,GreatCourt,selp_npy_quaternion,w2c
183,selp_metadata,Street,img,img,,,Street/img/image2_000268.png,Street/img/image2_000262.png,59.124607,7.640835,59.668399,small,Street,selp_npy_quaternion,w2c
184,selp_metadata,Street,img_north,img,,,Street/img_north/image_north_2_0474.png,Street/img/image2_000399.png,58.996147,9.452377,61.843275,small,Street,selp_npy_quaternion,w2c
185,selp_metadata,Street,img,img,,,Street/img/image2_002336.png,Street/img/image2_002435.png,57.818598,0.049762,58.606240,small,Street,selp_npy_quaternion,w2c
186,selp_metadata,Street,img_north,img_east,,,Street/img_north/image_north_1_0420.png,Street/img_east/image_east_0375.png,64.500099,1.005501,64.626655,none,Street,selp_npy_quaternion,w2c
187,selp_metadata,Street,img,img,,,Street/img/image2_000868.png,Street/img/image2_000850.png,51.766934,4.192679,52.845343,small,Street,selp_npy_quaternion,w2c
188,selp_metadata,Street,img_north,img,,,Street/img_north/image_north_2_0258.png,Street/img/image2_001211.png,58.679248,2.461217,59.485964,small,Street,selp_npy_quaternion,w2c
189,selp_metadata,Street,img,img,,,Street/img/image2_000275.png,Street/img/image2_000257.png,56.974190,2.327360,57.053638,small,Street,selp_npy_quaternion,w2c
190,selp_metadata,Street,img_north,img,,,Street/img_north/image_north_2_0509.png,Street/img/image2_000243.png,52.820490,1.707121,52.907021,small,Street,selp_npy_quaternion,w2c
191,selp_metadata,Street,img,img,,,Street/img/image2_000242.png,Street/img/image2_000284.png,64.578924,4.114378,64.885573,none,Street,selp_npy_quaternion,w2c
192,selp_metadata,Street,img_north,img_east,,,Street/img_north/image_north_2_0204.png,Street/img_east/image_east_0179.png,59.702329,4.404424,59.863869,none,Street,selp_npy_quaternion,w2c
193,selp_metadata,Street,img,img,,,Street/img/image2_000288.png,Street/img/image2_000250.png,60.380094,4.016013,60.642293,small,Street,selp_npy_quaternion,w2c
194,selp_metadata,Street,img_north,img_east,,,Street/img_north/image_north_2_0207.png,Street/img_east/image_east_0182.png,54.742853,6.554701,55.416459,small,Street,selp_npy_quaternion,w2c
195,selp_metadata,Street,img,img_north,,,Street/img/image2_001385.png,Street/img_north/image_north_1_0271.png,57.405214,4.798011,57.972081,small,Street,selp_npy_quaternion,w2c
196,selp_metadata,Street,img_north,img,,,Street/img_north/image_north_2_0258.png,Street/img/image2_001210.png,62.008224,1.421170,62.490917,none,Street,selp_npy_quaternion,w2c
197,selp_metadata,Street,img,img,,,Street/img/image2_000208.png,Street/img/image2_000190.png,56.342357,2.287311,56.421214,small,Street,selp_npy_quaternion,w2c
198,selp_metadata,Street,img_north,img_east,,,Street/img_north/image_north_1_0429.png,Street/img_east/image_east_0384.png,63.453999,5.246115,63.788583,none,Street,selp_npy_quaternion,w2c
199,selp_metadata,Street,img,img_north,,,Street/img/image2_000927.png,Street/img_north/image_north_1_0375.png,55.884372,1.433667,55.962150,small,Street,selp_npy_quaternion,w2c
200,selp_metadata,Street,img,img,,,Street/img/image2_000810.png,Street/img/image2_000707.png,54.921784,7.330729,56.589609,small,Street,selp_npy_quaternion,w2c
201,selp_metadata,Street,img,img_north,,,Street/img/image2_001967.png,Street/img_north/image_north_1_0149.png,64.684399,5.713261,65.083632,none,Street,selp_npy_quaternion,w2c
202,selp_metadata,Street,img,img,,,Street/img/image2_000871.png,Street/img/image2_000846.png,52.158395,0.310500,52.177076,small,Street,selp_npy_quaternion,w2c
203,selp_metadata,Street,img,img,,,Street/img/image2_000290.png,Street/img/image2_000251.png,57.301168,2.673972,57.586524,small,Street,selp_npy_quaternion,w2c
204,selp_metadata,Street,img,img_south,,,Street/img/image2_000766.png,Street/img_south/image_south_1_0250.png,53.742110,1.801799,53.777359,small,Street,selp_npy_quaternion,w2c
205,selp_metadata,Street,img,img_east,,,Street/img/image2_001778.png,Street/img_east/image_east_0128.png,64.369179,7.308944,66.712551,none,Street,selp_npy_quaternion,w2c
206,selp_metadata,Street,img,img,,,Street/img/image2_000209.png,Street/img/image2_000190.png,59.812723,2.139883,59.849503,small,Street,selp_npy_quaternion,w2c
207,selp_metadata,Street,img,img,,,Street/img/image2_000443.png,Street/img/image2_000471.png,60.468852,1.685535,60.533892,none,Street,selp_npy_quaternion,w2c
208,selp_metadata,Street,img,img_east,,,Street/img/image2_001779.png,Street/img_east/image_east_0128.png,62.466294,11.541963,65.286368,none,Street,selp_npy_quaternion,w2c
209,selp_metadata,Street,img,img_west,,,Street/img/image2_000213.png,Street/img_west/image_west_0114.png,55.214558,1.031662,55.264820,small,Street,selp_npy_quaternion,w2c
210,selp_metadata,Street,img,img_north,,,Street/img/image2_000925.png,Street/img_north/image_north_1_0377.png,53.472424,2.127749,53.745107,small,Street,selp_npy_quaternion,w2c
211,selp_metadata,Street,img,img,,,Street/img/image2_000923.png,Street/img/image2_000920.png,51.037972,1.711560,51.123010,small,Street,selp_npy_quaternion,w2c
212,selp_metadata,Street,img,img,,,Street/img/image2_000289.png,Street/img/image2_000251.png,63.987808,3.060713,64.349445,none,Street,selp_npy_quaternion,w2c
213,selp_metadata,Street,img,img_south,,,Street/img/image2_002056.png,Street/img_south/image_south_1_0526.png,61.299950,0.034262,61.317886,none,Street,selp_npy_quaternion,w2c
214,selp_metadata,Street,img,img_east,,,Street/img/image2_000587.png,Street/img_east/image_east_0393.png,53.667697,3.210929,53.777951,small,Street,selp_npy_quaternion,w2c
215,selp_metadata,Street,img,img,,,Street/img/image2_002340.png,Street/img/image2_002431.png,61.089544,6.818094,61.488832,none,Street,selp_npy_quaternion,w2c
216,selp_metadata,Street,img,img,,,Street/img/image2_000703.png,Street/img/image2_000806.png,64.949338,2.349414,65.704033,none,Street,selp_npy_quaternion,w2c
217,selp_metadata,Street,img,img_east,,,Street/img/image2_001778.png,Street/img_east/image_east_0129.png,64.773945,6.988315,66.868385,none,Street,selp_npy_quaternion,w2c
218,selp_metadata,Street,img,img_east,,,Street/img/image2_000651.png,Street/img_east/image_east_0365.png,54.596012,2.953013,54.672818,small,Street,selp_npy_quaternion,w2c
219,selp_metadata,Street,img,img,,,Street/img/image2_000704.png,Street/img/image2_000807.png,63.940035,4.887104,64.973006,none,Street,selp_npy_quaternion,w2c
220,selp_metadata,Street,img,img,,,Street/img/image2_002336.png,Street/img/image2_002434.png,59.153809,0.365820,60.178841,small,Street,selp_npy_quaternion,w2c
221,selp_metadata,Street,img,img,,,Street/img/image2_000871.png,Street/img/image2_000845.png,58.990343,2.310186,59.035488,small,Street,selp_npy_quaternion,w2c
222,selp_metadata,Street,img,img,,,Street/img/image2_000208.png,Street/img/image2_000189.png,58.355998,0.660701,58.359943,small,Street,selp_npy_quaternion,w2c
223,selp_metadata,Street,img,img_north,,,Street/img/image2_001969.png,Street/img_north/image_north_1_0148.png,53.908693,7.544531,54.702047,small,Street,selp_npy_quaternion,w2c
224,selp_metadata,Street,img,img_west,,,Street/img/image2_001754.png,Street/img_west/image_west_0457.png,52.861152,10.306841,54.019604,small,Street,selp_npy_quaternion,w2c
225,selp_metadata,Street,img,img,,,Street/img/image2_000866.png,Street/img/image2_000852.png,53.090835,3.548638,53.594073,small,Street,selp_npy_quaternion,w2c
226,selp_metadata,Street,img,img,,,Street/img/image2_000856.png,Street/img/image2_000861.png,51.787677,0.380367,51.830901,small,Street,selp_npy_quaternion,w2c
227,selp_metadata,Street,img,img_south,,,Street/img/image2_002057.png,Street/img_south/image_south_1_0527.png,55.355440,0.950115,55.382441,small,Street,selp_npy_quaternion,w2c
228,selp_metadata,Street,img,img_west,,,Street/img/image2_000213.png,Street/img_west/image_west_0115.png,53.937819,3.042734,54.086478,small,Street,selp_npy_quaternion,w2c
229,selp_metadata,Street,img,img,,,Street/img/image2_000267.png,Street/img/image2_000262.png,60.207336,7.017248,60.589203,none,Street,selp_npy_quaternion,w2c
230,selp_metadata,Street,img,img,,,Street/img/image2_000206.png,Street/img/image2_000191.png,57.911715,4.437146,58.143427,small,Street,selp_npy_quaternion,w2c
231,selp_metadata,Street,img,img_north,,,Street/img/image2_000926.png,Street/img_north/image_north_1_0375.png,50.556373,2.763311,50.699811,small,Street,selp_npy_quaternion,w2c
232,selp_metadata,Street,img,img,,,Street/img/image2_000274.png,Street/img/image2_000257.png,64.002919,3.677244,64.098080,none,Street,selp_npy_quaternion,w2c
233,selp_metadata,Street,img,img_east,,,Street/img/image2_002112.png,Street/img_east/image_east_0067.png,51.725712,0.518485,51.760449,small,Street,selp_npy_quaternion,w2c
234,selp_metadata,Street,img,img,,,Street/img/image2_000290.png,Street/img/image2_000250.png,50.889185,0.615589,50.981082,small,Street,selp_npy_quaternion,w2c
235,selp_metadata,Street,img,img,,,Street/img/image2_000810.png,Street/img/image2_000706.png,57.893796,5.435544,59.277058,small,Street,selp_npy_quaternion,w2c
236,selp_metadata,Street,img,img,,,Street/img/image2_000270.png,Street/img/image2_000261.png,50.555129,8.888283,51.509787,small,Street,selp_npy_quaternion,w2c
237,selp_metadata,Street,img,img_east,,,Street/img/image2_001447.png,Street/img_east/image_east_0192.png,63.700557,3.978002,64.271575,none,Street,selp_npy_quaternion,w2c
238,selp_metadata,Street,img,img_west,,,Street/img/image2_000177.png,Street/img_west/image_west_0115.png,56.508500,6.068879,58.219764,small,Street,selp_npy_quaternion,w2c
239,selp_metadata,Street,img,img_north,,,Street/img/image2_001211.png,Street/img_north/image_north_1_0292.png,56.715824,6.234545,57.178439,small,Street,selp_npy_quaternion,w2c
240,selp_metadata,Street,img,img,,,Street/img/image2_000209.png,Street/img/image2_000188.png,63.268396,0.347099,63.272978,none,Street,selp_npy_quaternion,w2c
241,selp_metadata,Street,img,img_north,,,Street/img/image2_001211.png,Street/img_north/image_north_1_0293.png,58.553304,5.399296,58.900338,small,Street,selp_npy_quaternion,w2c
242,selp_metadata,Street,img,img,,,Street/img/image2_000247.png,Street/img/image2_000244.png,54.319017,2.018956,54.390952,small,Street,selp_npy_quaternion,w2c
243,selp_metadata,Street,img,img_north,,,Street/img/image2_001212.png,Street/img_north/image_north_1_0292.png,59.232186,3.766319,59.386593,small,Street,selp_npy_quaternion,w2c
244,selp_metadata,Street,img,img_east,,,Street/img/image2_001780.png,Street/img_east/image_east_0128.png,56.859314,8.042993,59.538091,small,Street,selp_npy_quaternion,w2c
245,selp_metadata,Street,img,img_east,,,Street/img/image2_001449.png,Street/img_east/image_east_0193.png,55.037576,2.721059,55.529094,small,Street,selp_npy_quaternion,w2c
246,selp_metadata,Street,img,img_north,,,Street/img/image2_001968.png,Street/img_north/image_north_1_0149.png,56.597661,5.837763,57.089471,small,Street,selp_npy_quaternion,w2c
247,selp_metadata,Street,img,img,,,Street/img/image2_000445.png,Street/img/image2_000471.png,63.389316,1.412750,63.567708,none,Street,selp_npy_quaternion,w2c
248,selp_metadata,Street,img,img_west,,,Street/img/image2_002064.png,Street/img_west/image_west_0517.png,60.508717,6.131990,60.937778,none,Street,selp_npy_quaternion,w2c
249,selp_metadata,Street,img,img_west,,,Street/img/image2_000359.png,Street/img_west/image_west_0157.png,56.138055,12.493621,58.804754,small,Street,selp_npy_quaternion,w2c
250,selp_metadata,Street,img,img,,,Street/img/image2_000293.png,Street/img/image2_000253.png,57.363082,5.427294,57.788615,small,Street,selp_npy_quaternion,w2c
251,selp_metadata,Street,img,img_west,,,Street/img/image2_002063.png,Street/img_west/image_west_0516.png,56.827989,4.230617,56.972532,small,Street,selp_npy_quaternion,w2c
252,selp_metadata,Street,img,img,,,Street/img/image2_001216.png,Street/img/image2_001212.png,60.095041,4.378939,60.298301,none,Street,selp_npy_quaternion,w2c
253,selp_metadata,Street,img,img,,,Street/img/image2_001809.png,Street/img/image2_001788.png,50.282061,6.394465,51.735552,small,Street,selp_npy_quaternion,w2c
254,selp_metadata,Street,img,img_west,,,Street/img/image2_001754.png,Street/img_west/image_west_0458.png,59.804567,8.559501,60.404613,none,Street,selp_npy_quaternion,w2c
255,selp_metadata,Street,img,img,,,Street/img/image2_000853.png,Street/img/image2_000864.png,61.505438,3.306585,61.656765,none,Street,selp_npy_quaternion,w2c
256,selp_metadata,Street,img,img_south,,,Street/img/image2_002059.png,Street/img_south/image_south_1_0528.png,55.317168,0.797786,55.336935,small,Street,selp_npy_quaternion,w2c
257,selp_metadata,Street,img,img_east,,,Street/img/image2_001784.png,Street/img_east/image_east_0125.png,50.097377,10.293426,53.871518,small,Street,selp_npy_quaternion,w2c
258,selp_metadata,Street,img,img_north,,,Street/img/image2_000924.png,Street/img_north/image_north_1_0377.png,59.195342,3.309959,59.392048,small,Street,selp_npy_quaternion,w2c
259,selp_metadata,Street,img,img_north,,,Street/img/image2_000923.png,Street/img_north/image_north_1_0377.png,60.551421,1.296522,60.696440,none,Street,selp_npy_quaternion,w2c
260,selp_metadata,Street,img,img,,,Street/img/image2_000240.png,Street/img/image2_000284.png,58.359601,5.192480,58.719519,small,Street,selp_npy_quaternion,w2c
261,selp_metadata,Street,img,img,,,Street/img/image2_000266.png,Street/img/image2_000262.png,54.385948,5.266758,54.621272,small,Street,selp_npy_quaternion,w2c
262,selp_metadata,Street,img,img_west,,,Street/img/image2_001920.png,Street/img_west/image_west_0492.png,58.546327,12.607774,59.866467,small,Street,selp_npy_quaternion,w2c
263,selp_metadata,Street,img,img,,,Street/img/image2_002338.png,Street/img/image2_002433.png,52.908481,0.321803,52.977668,small,Street,selp_npy_quaternion,w2c
264,selp_metadata,Street,img,img_west,,,Street/img/image2_001525.png,Street/img_west/image_west_0415.png,59.810650,3.034313,60.380222,small,Street,selp_npy_quaternion,w2c
265,selp_metadata,Street,img,img,,,Street/img/image2_000705.png,Street/img/image2_000808.png,61.290291,5.111148,62.204089,none,Street,selp_npy_quaternion,w2c
266,selp_metadata,Street,img,img_south,,,Street/img/image2_002058.png,Street/img_south/image_south_1_0527.png,55.011147,1.594580,55.033278,small,Street,selp_npy_quaternion,w2c
267,selp_metadata,Street,img,img_west,,,Street/img/image2_000355.png,Street/img_west/image_west_0154.png,50.721999,9.841747,52.126465,small,Street,selp_npy_quaternion,w2c
268,selp_metadata,Street,img,img_east,,,Street/img/image2_001782.png,Street/img_east/image_east_0126.png,55.590880,7.902555,58.716400,small,Street,selp_npy_quaternion,w2c
269,selp_metadata,Street,img,img_west,,,Street/img/image2_000178.png,Street/img_west/image_west_0115.png,52.523773,4.829424,54.746368,small,Street,selp_npy_quaternion,w2c
270,selp_metadata,Street,img,img_east,,,Street/img/image2_001323.png,Street/img_east/image_east_0238.png,58.731929,4.290504,59.011007,small,Street,selp_npy_quaternion,w2c
271,selp_metadata,Street,img,img_east,,,Street/img/image2_001781.png,Street/img_east/image_east_0127.png,55.073372,8.039848,56.911314,small,Street,selp_npy_quaternion,w2c
272,selp_metadata,Street,img,img,,,Street/img/image2_000809.png,Street/img/image2_000706.png,56.611802,6.074282,57.653951,small,Street,selp_npy_quaternion,w2c
273,selp_metadata,Street,img,img_west,,,Street/img/image2_000335.png,Street/img_west/image_west_0144.png,55.352254,1.811541,55.472652,small,Street,selp_npy_quaternion,w2c
274,selp_metadata,Street,img,img_north,,,Street/img/image2_001210.png,Street/img_north/image_north_1_0293.png,61.937691,4.441770,62.113379,none,Street,selp_npy_quaternion,w2c
275,selp_metadata,Street,img,img,,,Street/img/image2_000209.png,Street/img/image2_000189.png,61.792853,0.574117,61.822843,none,Street,selp_npy_quaternion,w2c
276,selp_metadata,Street,img,img_north,,,Street/img/image2_001968.png,Street/img_north/image_north_1_0148.png,57.125366,6.922269,57.731371,small,Street,selp_npy_quaternion,w2c
277,selp_metadata,Street,img,img_south,,,Street/img/image2_000765.png,Street/img_south/image_south_1_0249.png,56.925812,4.765604,57.114176,small,Street,selp_npy_quaternion,w2c
278,selp_metadata,Street,img,img_south,,,Street/img/image2_001428.png,Street/img_south/image_south_1_0405.png,58.713311,1.017961,58.992768,small,Street,selp_npy_quaternion,w2c
279,selp_metadata,Street,img,img_south,,,Street/img/image2_001429.png,Street/img_south/image_south_1_0405.png,54.327560,3.176065,54.509017,small,Street,selp_npy_quaternion,w2c
280,selp_metadata,Street,img,img,,,Street/img/image2_000870.png,Street/img/image2_000849.png,51.371891,2.551786,51.637160,small,Street,selp_npy_quaternion,w2c
281,selp_metadata,Street,img,img,,,Street/img/image2_000289.png,Street/img/image2_000250.png,57.555754,1.047495,57.714156,small,Street,selp_npy_quaternion,w2c
282,selp_metadata,Street,img,img_east,,,Street/img/image2_000585.png,Street/img_east/image_east_0395.png,63.773823,3.783729,63.885675,none,Street,selp_npy_quaternion,w2c
283,selp_metadata,Street,img,img,,,Street/img/image2_000247.png,Street/img/image2_000243.png,60.052042,2.756842,60.128611,small,Street,selp_npy_quaternion,w2c
284,selp_metadata,Street,img,img,,,Street/img/image2_002338.png,Street/img/image2_002432.png,56.334024,4.395403,56.555135,small,Street,selp_npy_quaternion,w2c
285,selp_metadata,Street,img,img,,,Street/img/image2_002341.png,Street/img/image2_002429.png,62.584508,6.164953,62.858928,none,Street,selp_npy_quaternion,w2c
