pair_idx,object_id,scene_a,scene_b,rel_a,rel_b,yaw_diff_deg,split_a,split_b,camera_model_a,camera_model_b
0,3d_dollhouse_sink,multiview-07-pixel_7,multiview-07-pixel_7,3d_dollhouse_sink/multiview-07-pixel_7/images/032.jpg,3d_dollhouse_sink/multiview-07-pixel_7/images/033.jpg,68.422476,val,val,pixel_7,pixel_7
1,bottle_vitamin_d_tablets,multiview-04-pixel_6pro,multiview-04-pixel_6pro,bottle_vitamin_d_tablets/multiview-04-pixel_6pro/images/020.jpg,bottle_vitamin_d_tablets/multiview-04-pixel_6pro/images/021.jpg,68.708133,val,val,pixel_6pro,pixel_6pro
2,box_multi_door_colored,multiview-04-pixel_6pro,multiview-04-pixel_6pro,box_multi_door_colored/multiview-04-pixel_6pro/images/019.jpg,box_multi_door_colored/multiview-04-pixel_6pro/images/021.jpg,75.343656,val,val,pixel_6pro,pixel_6pro
3,bunny_racer,multiview-07-ipad_4,multiview-07-ipad_4,bunny_racer/multiview-07-ipad_4/images/016.jpg,bunny_racer/multiview-07-ipad_4/images/018.jpg,79.238085,val,val,ipad_4,ipad_4
4,can_kernel_corn,multiview-04-pixel_6pro,multiview-04-pixel_6pro,can_kernel_corn/multiview-04-pixel_6pro/images/020.jpg,can_kernel_corn/multiview-04-pixel_6pro/images/024.jpg,50.253115,val,val,pixel_6pro,pixel_6pro
5,chicken_racer,multiview-11-pixel_5,multiview-11-pixel_5,chicken_racer/multiview-11-pixel_5/images/033.jpg,chicken_racer/multiview-11-pixel_5/images/036.jpg,69.643321,val,val,pixel_5,pixel_5
6,circo_fish_toothbrush_holder_14995988,multiview-15-canon_t4i,multiview-15-canon_t4i,circo_fish_toothbrush_holder_14995988/multiview-15-canon_t4i/images/155.jpg,circo_fish_toothbrush_holder_14995988/multiview-15-canon_t4i/images/177.jpg,62.994617,val,val,canon_t4i,canon_t4i
7,dino_4,multiview-10-pixel_4xl,multiview-10-pixel_4xl,dino_4/multiview-10-pixel_4xl/images/040.jpg,dino_4/multiview-10-pixel_4xl/images/050.jpg,73.294828,val,val,pixel_4xl,pixel_4xl
8,dino_5,multiview-12-pixel_7,multiview-12-pixel_7,dino_5/multiview-12-pixel_7/images/040.jpg,dino_5/multiview-12-pixel_7/images/042.jpg,82.682462,val,val,pixel_7,pixel_7
9,duck_bath_yellow_s,multiview-00-pixel_4a,multiview-00-pixel_4a,duck_bath_yellow_s/multiview-00-pixel_4a/images/017.jpg,duck_bath_yellow_s/multiview-00-pixel_4a/images/019.jpg,74.849497,val,val,pixel_4a,pixel_4a
10,fire_engine_toy_red_yellow_s,multiview-00-pixel_4a,multiview-00-pixel_4a,fire_engine_toy_red_yellow_s/multiview-00-pixel_4a/images/022.jpg,fire_engine_toy_red_yellow_s/multiview-00-pixel_4a/images/024.jpg,63.512715,val,val,pixel_4a,pixel_4a
11,garbage_truck_green_toy_s,multiview-02-pixel_6pro,multiview-02-pixel_6pro,garbage_truck_green_toy_s/multiview-02-pixel_6pro/images/020.jpg,garbage_truck_green_toy_s/multiview-02-pixel_6pro/images/023.jpg,69.693879,val,val,pixel_6pro,pixel_6pro
12,hand_drill_cordless_blue_black,multiview-02-pixel_6pro,multiview-02-pixel_6pro,hand_drill_cordless_blue_black/multiview-02-pixel_6pro/images/021.jpg,hand_drill_cordless_blue_black/multiview-02-pixel_6pro/images/024.jpg,81.109427,val,val,pixel_6pro,pixel_6pro
13,hut_mushrooms_showpiece,multiview-01-pixel_4a,multiview-01-pixel_4a,hut_mushrooms_showpiece/multiview-01-pixel_4a/images/018.jpg,hut_mushrooms_showpiece/multiview-01-pixel_4a/images/019.jpg,85.315625,val,val,pixel_4a,pixel_4a
14,ice_cream_cart_showpiece,multiview-01-pixel_4a,multiview-01-pixel_4a,ice_cream_cart_showpiece/multiview-01-pixel_4a/images/016.jpg,ice_cream_cart_showpiece/multiview-01-pixel_4a/images/018.jpg,82.741981,val,val,pixel_4a,pixel_4a
15,keywest_showpiece_s,multiview-00-pixel_6pro,multiview-00-pixel_6pro,keywest_showpiece_s/multiview-00-pixel_6pro/images/022.jpg,keywest_showpiece_s/multiview-00-pixel_6pro/images/024.jpg,52.953451,val,val,pixel_6pro,pixel_6pro
16,paper_weight_flowers_showpiece,multiview-01-pixel_4a,multiview-01-pixel_4a,paper_weight_flowers_showpiece/multiview-01-pixel_4a/images/018.jpg,paper_weight_flowers_showpiece/multiview-01-pixel_4a/images/019.jpg,79.209811,val,val,pixel_4a,pixel_4a
17,pumpkin_showpiece_s,multiview-02-pixel_6pro,multiview-02-pixel_6pro,pumpkin_showpiece_s/multiview-02-pixel_6pro/images/015.jpg,pumpkin_showpiece_s/multiview-02-pixel_6pro/images/018.jpg,59.007279,val,val,pixel_6pro,pixel_6pro
18,remote_control_toy_car_s,multiview-04-pixel_6pro,multiview-04-pixel_6pro,remote_control_toy_car_s/multiview-04-pixel_6pro/images/022.jpg,remote_control_toy_car_s/multiview-04-pixel_6pro/images/024.jpg,83.49675,val,val,pixel_6pro,pixel_6pro
19,schleich_african_black_rhino,multiview-10-ipad_5,multiview-10-ipad_5,schleich_african_black_rhino/multiview-10-ipad_5/images/033.jpg,schleich_african_black_rhino/multiview-10-ipad_5/images/034.jpg,65.70664,val,val,ipad_5,ipad_5
20,schleich_bald_eagle,multiview-11-pixel_7,multiview-11-pixel_7,schleich_bald_eagle/multiview-11-pixel_7/images/043.jpg,schleich_bald_eagle/multiview-11-pixel_7/images/045.jpg,73.571929,val,val,pixel_7,pixel_7
21,schleich_hereford_bull,multiview-04-pixel_4xl,multiview-04-pixel_4xl,schleich_hereford_bull/multiview-04-pixel_4xl/images/034.jpg,schleich_hereford_bull/multiview-04-pixel_4xl/images/038.jpg,82.137135,val,val,pixel_4xl,pixel_4xl
22,schleich_lion_action_figure,multiview-08-ipad_5,multiview-08-ipad_5,schleich_lion_action_figure/multiview-08-ipad_5/images/031.jpg,schleich_lion_action_figure/multiview-08-ipad_5/images/034.jpg,75.959707,val,val,ipad_5,ipad_5
23,schleich_spinosaurus_action_figure,multiview-10-canon_t4i,multiview-10-canon_t4i,schleich_spinosaurus_action_figure/multiview-10-canon_t4i/images/044.jpg,schleich_spinosaurus_action_figure/multiview-10-canon_t4i/images/051.jpg,83.925442,val,val,canon_t4i,canon_t4i
24,school_bus,multiview-10-pixel_5,multiview-10-pixel_5,school_bus/multiview-10-pixel_5/images/030.jpg,school_bus/multiview-10-pixel_5/images/031.jpg,54.471683,val,val,pixel_5,pixel_5
25,soldier_wood_showpiece,multiview-02-pixel_6pro,multiview-02-pixel_6pro,soldier_wood_showpiece/multiview-02-pixel_6pro/images/021.jpg,soldier_wood_showpiece/multiview-02-pixel_6pro/images/022.jpg,60.489892,val,val,pixel_6pro,pixel_6pro
26,steps_small_showpiece,multiview-04-pixel_6pro,multiview-04-pixel_6pro,steps_small_showpiece/multiview-04-pixel_6pro/images/017.jpg,steps_small_showpiece/multiview-04-pixel_6pro/images/019.jpg,69.718462,val,val,pixel_6pro,pixel_6pro
27,tractor_green_showpiece,multiview-03-pixel_6pro,multiview-03-pixel_6pro,tractor_green_showpiece/multiview-03-pixel_6pro/images/018.jpg,tractor_green_showpiece/multiview-03-pixel_6pro/images/019.jpg,60.175023,val,val,pixel_6pro,pixel_6pro
28,tumbler_air_balloon,multiview-00-pixel_4a,multiview-00-pixel_4a,tumbler_air_balloon/multiview-00-pixel_4a/images/015.jpg,tumbler_air_balloon/multiview-00-pixel_4a/images/016.jpg,73.544228,val,val,pixel_4a,pixel_4a
29,water_gun_toy_green,multiview-00-pixel_4a,multiview-00-pixel_4a,water_gun_toy_green/multiview-00-pixel_4a/images/011.jpg,water_gun_toy_green/multiview-00-pixel_4a/images/012.jpg,55.929093,val,val,pixel_4a,pixel_4a
30,water_gun_toy_white,multiview-02-pixel_6pro,multiview-02-pixel_6pro,water_gun_toy_white/multiview-02-pixel_6pro/images/016.jpg,water_gun_toy_white/multiview-02-pixel_6pro/images/019.jpg,69.948155,val,val,pixel_6pro,pixel_6pro
31,water_gun_toy_yellow,multiview-00-pixel_4a,multiview-00-pixel_4a,water_gun_toy_yellow/multiview-00-pixel_4a/images/014.jpg,water_gun_toy_yellow/multiview-00-pixel_4a/images/015.jpg,88.156121,val,val,pixel_4a,pixel_4a
32,weisshai_great_white_shark,multiview-07-pixel_5,multiview-07-pixel_5,weisshai_great_white_shark/multiview-07-pixel_5/images/054.jpg,weisshai_great_white_shark/multiview-07-pixel_5/images/055.jpg,61.602111,val,val,pixel_5,pixel_5
33,welcome_sign_mushrooms,multiview-04-pixel_6pro,multiview-04-pixel_6pro,welcome_sign_mushrooms/multiview-04-pixel_6pro/images/016.jpg,welcome_sign_mushrooms/multiview-04-pixel_6pro/images/017.jpg,55.099904,val,val,pixel_6pro,pixel_6pro
34,well_with_leaf_roof_showpiece,multiview-01-pixel_4a,multiview-01-pixel_4a,well_with_leaf_roof_showpiece/multiview-01-pixel_4a/images/016.jpg,well_with_leaf_roof_showpiece/multiview-01-pixel_4a/images/018.jpg,62.740233,val,val,pixel_4a,pixel_4a
35,3d_dollhouse_sink,multiview-04-pixel_4xl,multiview-04-pixel_4xl,3d_dollhouse_sink/multiview-04-pixel_4xl/images/028.jpg,3d_dollhouse_sink/multiview-04-pixel_4xl/images/029.jpg,66.370009,val,val,pixel_4xl,pixel_4xl
36,bottle_vitamin_d_tablets,multiview-02-pixel_6pro,multiview-02-pixel_6pro,bottle_vitamin_d_tablets/multiview-02-pixel_6pro/images/020.jpg,bottle_vitamin_d_tablets/multiview-02-pixel_6pro/images/023.jpg,55.169884,val,val,pixel_6pro,pixel_6pro
37,box_multi_door_colored,multiview-03-pixel_6pro,multiview-03-pixel_6pro,box_multi_door_colored/multiview-03-pixel_6pro/images/022.jpg,box_multi_door_colored/multiview-03-pixel_6pro/images/023.jpg,61.920434,val,val,pixel_6pro,pixel_6pro
38,bunny_racer,multiview-13-canon_t4i,multiview-13-canon_t4i,bunny_racer/multiview-13-canon_t4i/images/024.jpg,bunny_racer/multiview-13-canon_t4i/images/027.jpg,51.36291,val,val,canon_t4i,canon_t4i
39,can_kernel_corn,multiview-03-pixel_6pro,multiview-03-pixel_6pro,can_kernel_corn/multiview-03-pixel_6pro/images/022.jpg,can_kernel_corn/multiview-03-pixel_6pro/images/023.jpg,73.949668,val,val,pixel_6pro,pixel_6pro
40,chicken_racer,multiview-12-pixel_5,multiview-12-pixel_5,chicken_racer/multiview-12-pixel_5/images/024.jpg,chicken_racer/multiview-12-pixel_5/images/027.jpg,55.30026,val,val,pixel_5,pixel_5
41,circo_fish_toothbrush_holder_14995988,multiview-15-pixel_7,multiview-15-pixel_7,circo_fish_toothbrush_holder_14995988/multiview-15-pixel_7/images/123.jpg,circo_fish_toothbrush_holder_14995988/multiview-15-pixel_7/images/137.jpg,75.692816,val,val,pixel_7,pixel_7
42,dino_4,multiview-09-ipad_5,multiview-09-ipad_5,dino_4/multiview-09-ipad_5/images/043.jpg,dino_4/multiview-09-ipad_5/images/050.jpg,87.509858,val,val,ipad_5,ipad_5
43,dino_5,multiview-09-pixel_5,multiview-09-pixel_5,dino_5/multiview-09-pixel_5/images/030.jpg,dino_5/multiview-09-pixel_5/images/031.jpg,73.848037,val,val,pixel_5,pixel_5
44,duck_bath_yellow_s,multiview-02-pixel_6pro,multiview-02-pixel_6pro,duck_bath_yellow_s/multiview-02-pixel_6pro/images/018.jpg,duck_bath_yellow_s/multiview-02-pixel_6pro/images/019.jpg,60.817333,val,val,pixel_6pro,pixel_6pro
45,fire_engine_toy_red_yellow_s,multiview-01-pixel_4a,multiview-01-pixel_4a,fire_engine_toy_red_yellow_s/multiview-01-pixel_4a/images/020.jpg,fire_engine_toy_red_yellow_s/multiview-01-pixel_4a/images/023.jpg,63.38283,val,val,pixel_4a,pixel_4a
46,garbage_truck_green_toy_s,multiview-03-pixel_6pro,multiview-03-pixel_6pro,garbage_truck_green_toy_s/multiview-03-pixel_6pro/images/020.jpg,garbage_truck_green_toy_s/multiview-03-pixel_6pro/images/024.jpg,76.866624,val,val,pixel_6pro,pixel_6pro
47,hand_drill_cordless_blue_black,multiview-00-pixel_6pro,multiview-00-pixel_6pro,hand_drill_cordless_blue_black/multiview-00-pixel_6pro/images/021.jpg,hand_drill_cordless_blue_black/multiview-00-pixel_6pro/images/024.jpg,88.556916,val,val,pixel_6pro,pixel_6pro
48,hut_mushrooms_showpiece,multiview-00-pixel_4a,multiview-00-pixel_4a,hut_mushrooms_showpiece/multiview-00-pixel_4a/images/018.jpg,hut_mushrooms_showpiece/multiview-00-pixel_4a/images/019.jpg,77.849423,val,val,pixel_4a,pixel_4a
49,ice_cream_cart_showpiece,multiview-04-pixel_6pro,multiview-04-pixel_6pro,ice_cream_cart_showpiece/multiview-04-pixel_6pro/images/016.jpg,ice_cream_cart_showpiece/multiview-04-pixel_6pro/images/017.jpg,66.073608,val,val,pixel_6pro,pixel_6pro
50,keywest_showpiece_s,multiview-03-pixel_6pro,multiview-03-pixel_6pro,keywest_showpiece_s/multiview-03-pixel_6pro/images/020.jpg,keywest_showpiece_s/multiview-03-pixel_6pro/images/024.jpg,56.530774,val,val,pixel_6pro,pixel_6pro
51,paper_weight_flowers_showpiece,multiview-02-pixel_6pro,multiview-02-pixel_6pro,paper_weight_flowers_showpiece/multiview-02-pixel_6pro/images/016.jpg,paper_weight_flowers_showpiece/multiview-02-pixel_6pro/images/017.jpg,68.122721,val,val,pixel_6pro,pixel_6pro
52,pumpkin_showpiece_s,multiview-02-pixel_6pro,multiview-02-pixel_6pro,pumpkin_showpiece_s/multiview-02-pixel_6pro/images/017.jpg,pumpkin_showpiece_s/multiview-02-pixel_6pro/images/018.jpg,80.005202,val,val,pixel_6pro,pixel_6pro
53,remote_control_toy_car_s,multiview-00-pixel_4a,multiview-00-pixel_4a,remote_control_toy_car_s/multiview-00-pixel_4a/images/021.jpg,remote_control_toy_car_s/multiview-00-pixel_4a/images/022.jpg,60.351562,val,val,pixel_4a,pixel_4a
54,schleich_african_black_rhino,multiview-09-canon_t4i,multiview-09-canon_t4i,schleich_african_black_rhino/multiview-09-canon_t4i/images/028.jpg,schleich_african_black_rhino/multiview-09-canon_t4i/images/032.jpg,86.720118,val,val,canon_t4i,canon_t4i
55,schleich_bald_eagle,multiview-10-canon_t4i,multiview-10-canon_t4i,schleich_bald_eagle/multiview-10-canon_t4i/images/020.jpg,schleich_bald_eagle/multiview-10-canon_t4i/images/027.jpg,85.861325,val,val,canon_t4i,canon_t4i
56,schleich_hereford_bull,multiview-00-ipad_4,multiview-00-ipad_4,schleich_hereford_bull/multiview-00-ipad_4/images/012.jpg,schleich_hereford_bull/multiview-00-ipad_4/images/013.jpg,51.031617,val,val,ipad_4,ipad_4
57,schleich_lion_action_figure,multiview-11-ipad_5,multiview-11-ipad_5,schleich_lion_action_figure/multiview-11-ipad_5/images/029.jpg,schleich_lion_action_figure/multiview-11-ipad_5/images/031.jpg,53.983451,val,val,ipad_5,ipad_5
58,schleich_spinosaurus_action_figure,multiview-10-pixel_7,multiview-10-pixel_7,schleich_spinosaurus_action_figure/multiview-10-pixel_7/images/040.jpg,schleich_spinosaurus_action_figure/multiview-10-pixel_7/images/045.jpg,61.834407,val,val,pixel_7,pixel_7
59,school_bus,multiview-10-pixel_5,multiview-10-pixel_5,school_bus/multiview-10-pixel_5/images/032.jpg,school_bus/multiview-10-pixel_5/images/033.jpg,55.249221,val,val,pixel_5,pixel_5
60,soldier_wood_showpiece,multiview-02-pixel_6pro,multiview-02-pixel_6pro,soldier_wood_showpiece/multiview-02-pixel_6pro/images/023.jpg,soldier_wood_showpiece/multiview-02-pixel_6pro/images/024.jpg,71.549185,val,val,pixel_6pro,pixel_6pro
61,steps_small_showpiece,multiview-00-pixel_4a,multiview-00-pixel_4a,steps_small_showpiece/multiview-00-pixel_4a/images/016.jpg,steps_small_showpiece/multiview-00-pixel_4a/images/019.jpg,80.15183,val,val,pixel_4a,pixel_4a
62,tractor_green_showpiece,multiview-02-pixel_6pro,multiview-02-pixel_6pro,tractor_green_showpiece/multiview-02-pixel_6pro/images/016.jpg,tractor_green_showpiece/multiview-02-pixel_6pro/images/017.jpg,88.431623,val,val,pixel_6pro,pixel_6pro
63,tumbler_air_balloon,multiview-03-pixel_6pro,multiview-03-pixel_6pro,tumbler_air_balloon/multiview-03-pixel_6pro/images/012.jpg,tumbler_air_balloon/multiview-03-pixel_6pro/images/013.jpg,76.504434,val,val,pixel_6pro,pixel_6pro
64,water_gun_toy_white,multiview-00-pixel_4a,multiview-00-pixel_4a,water_gun_toy_white/multiview-00-pixel_4a/images/016.jpg,water_gun_toy_white/multiview-00-pixel_4a/images/019.jpg,85.35416,val,val,pixel_4a,pixel_4a
65,water_gun_toy_yellow,multiview-02-pixel_6pro,multiview-02-pixel_6pro,water_gun_toy_yellow/multiview-02-pixel_6pro/images/015.jpg,water_gun_toy_yellow/multiview-02-pixel_6pro/images/017.jpg,79.026047,val,val,pixel_6pro,pixel_6pro
66,weisshai_great_white_shark,multiview-09-sony_a7iv,multiview-09-sony_a7iv,weisshai_great_white_shark/multiview-09-sony_a7iv/images/042.jpg,weisshai_great_white_shark/multiview-09-sony_a7iv/images/045.jpg,89.809133,val,val,sony_a7iv,sony_a7iv
67,welcome_sign_mushrooms,multiview-02-pixel_6pro,multiview-02-pixel_6pro,welcome_sign_mushrooms/multiview-02-pixel_6pro/images/016.jpg,welcome_sign_mushrooms/multiview-02-pixel_6pro/images/019.jpg,82.987277,val,val,pixel_6pro,pixel_6pro
68,well_with_leaf_roof_showpiece,multiview-03-pixel_6pro,multiview-03-pixel_6pro,well_with_leaf_roof_showpiece/multiview-03-pixel_6pro/images/017.jpg,well_with_leaf_roof_showpiece/multiview-03-pixel_6pro/images/018.jpg,66.349995,val,val,pixel_6pro,pixel_6pro
69,3d_dollhouse_sink,multiview-05-pixel_5,multiview-05-pixel_5,3d_dollhouse_sink/multiview-05-pixel_5/images/025.jpg,3d_dollhouse_sink/multiview-05-pixel_5/images/029.jpg,50.673644,val,val,pixel_5,pixel_5
70,bottle_vitamin_d_tablets,multiview-00-pixel_4a,multiview-00-pixel_4a,bottle_vitamin_d_tablets/multiview-00-pixel_4a/images/023.jpg,bottle_vitamin_d_tablets/multiview-00-pixel_4a/images/024.jpg,57.985846,val,val,pixel_4a,pixel_4a
71,box_multi_door_colored,multiview-04-pixel_6pro,multiview-04-pixel_6pro,box_multi_door_colored/multiview-04-pixel_6pro/images/020.jpg,box_multi_door_colored/multiview-04-pixel_6pro/images/021.jpg,72.494275,val,val,pixel_6pro,pixel_6pro
72,bunny_racer,multiview-12-pixel_7,multiview-12-pixel_7,bunny_racer/multiview-12-pixel_7/images/034.jpg,bunny_racer/multiview-12-pixel_7/images/037.jpg,73.219386,val,val,pixel_7,pixel_7
73,can_kernel_corn,multiview-04-pixel_6pro,multiview-04-pixel_6pro,can_kernel_corn/multiview-04-pixel_6pro/images/023.jpg,can_kernel_corn/multiview-04-pixel_6pro/images/024.jpg,70.213813,val,val,pixel_6pro,pixel_6pro
74,chicken_racer,multiview-09-pixel_4xl,multiview-09-pixel_4xl,chicken_racer/multiview-09-pixel_4xl/images/027.jpg,chicken_racer/multiview-09-pixel_4xl/images/032.jpg,54.16271,val,val,pixel_4xl,pixel_4xl
75,circo_fish_toothbrush_holder_14995988,multiview-15-pixel_7,multiview-15-pixel_7,circo_fish_toothbrush_holder_14995988/multiview-15-pixel_7/images/132.jpg,circo_fish_toothbrush_holder_14995988/multiview-15-pixel_7/images/142.jpg,77.916634,val,val,pixel_7,pixel_7
76,dino_4,multiview-07-sony_a7iv,multiview-07-sony_a7iv,dino_4/multiview-07-sony_a7iv/images/029.jpg,dino_4/multiview-07-sony_a7iv/images/033.jpg,57.411893,val,val,sony_a7iv,sony_a7iv
77,dino_5,multiview-13-canon_t4i,multiview-13-canon_t4i,dino_5/multiview-13-canon_t4i/images/039.jpg,dino_5/multiview-13-canon_t4i/images/048.jpg,79.526775,val,val,canon_t4i,canon_t4i
78,duck_bath_yellow_s,multiview-02-pixel_6pro,multiview-02-pixel_6pro,duck_bath_yellow_s/multiview-02-pixel_6pro/images/017.jpg,duck_bath_yellow_s/multiview-02-pixel_6pro/images/018.jpg,77.499659,val,val,pixel_6pro,pixel_6pro
79,fire_engine_toy_red_yellow_s,multiview-03-pixel_6pro,multiview-03-pixel_6pro,fire_engine_toy_red_yellow_s/multiview-03-pixel_6pro/images/020.jpg,fire_engine_toy_red_yellow_s/multiview-03-pixel_6pro/images/023.jpg,78.415442,val,val,pixel_6pro,pixel_6pro
80,garbage_truck_green_toy_s,multiview-04-pixel_6pro,multiview-04-pixel_6pro,garbage_truck_green_toy_s/multiview-04-pixel_6pro/images/020.jpg,garbage_truck_green_toy_s/multiview-04-pixel_6pro/images/024.jpg,60.14864,val,val,pixel_6pro,pixel_6pro
81,hand_drill_cordless_blue_black,multiview-00-pixel_6pro,multiview-00-pixel_6pro,hand_drill_cordless_blue_black/multiview-00-pixel_6pro/images/020.jpg,hand_drill_cordless_blue_black/multiview-00-pixel_6pro/images/024.jpg,70.131762,val,val,pixel_6pro,pixel_6pro
82,hut_mushrooms_showpiece,multiview-03-pixel_6pro,multiview-03-pixel_6pro,hut_mushrooms_showpiece/multiview-03-pixel_6pro/images/015.jpg,hut_mushrooms_showpiece/multiview-03-pixel_6pro/images/018.jpg,51.692445,val,val,pixel_6pro,pixel_6pro
83,ice_cream_cart_showpiece,multiview-02-pixel_6pro,multiview-02-pixel_6pro,ice_cream_cart_showpiece/multiview-02-pixel_6pro/images/016.jpg,ice_cream_cart_showpiece/multiview-02-pixel_6pro/images/017.jpg,73.165574,val,val,pixel_6pro,pixel_6pro
84,keywest_showpiece_s,multiview-04-pixel_6pro,multiview-04-pixel_6pro,keywest_showpiece_s/multiview-04-pixel_6pro/images/019.jpg,keywest_showpiece_s/multiview-04-pixel_6pro/images/022.jpg,58.13713,val,val,pixel_6pro,pixel_6pro
85,paper_weight_flowers_showpiece,multiview-03-pixel_6pro,multiview-03-pixel_6pro,paper_weight_flowers_showpiece/multiview-03-pixel_6pro/images/016.jpg,paper_weight_flowers_showpiece/multiview-03-pixel_6pro/images/019.jpg,65.141674,val,val,pixel_6pro,pixel_6pro
86,pumpkin_showpiece_s,multiview-02-pixel_6pro,multiview-02-pixel_6pro,pumpkin_showpiece_s/multiview-02-pixel_6pro/images/015.jpg,pumpkin_showpiece_s/multiview-02-pixel_6pro/images/016.jpg,73.891839,val,val,pixel_6pro,pixel_6pro
87,remote_control_toy_car_s,multiview-00-pixel_4a,multiview-00-pixel_4a,remote_control_toy_car_s/multiview-00-pixel_4a/images/023.jpg,remote_control_toy_car_s/multiview-00-pixel_4a/images/024.jpg,85.316101,val,val,pixel_4a,pixel_4a
88,schleich_african_black_rhino,multiview-08-pixel_4xl,multiview-08-pixel_4xl,schleich_african_black_rhino/multiview-08-pixel_4xl/images/027.jpg,schleich_african_black_rhino/multiview-08-pixel_4xl/images/029.jpg,62.375902,val,val,pixel_4xl,pixel_4xl
89,schleich_bald_eagle,multiview-10-canon_t4i,multiview-10-canon_t4i,schleich_bald_eagle/multiview-10-canon_t4i/images/021.jpg,schleich_bald_eagle/multiview-10-canon_t4i/images/027.jpg,69.720583,val,val,canon_t4i,canon_t4i
90,schleich_hereford_bull,multiview-04-pixel_4xl,multiview-04-pixel_4xl,schleich_hereford_bull/multiview-04-pixel_4xl/images/034.jpg,schleich_hereford_bull/multiview-04-pixel_4xl/images/035.jpg,58.719088,val,val,pixel_4xl,pixel_4xl
91,schleich_lion_action_figure,multiview-10-ipad_5,multiview-10-ipad_5,schleich_lion_action_figure/multiview-10-ipad_5/images/034.jpg,schleich_lion_action_figure/multiview-10-ipad_5/images/039.jpg,88.320563,val,val,ipad_5,ipad_5
92,schleich_spinosaurus_action_figure,multiview-11-pixel_7,multiview-11-pixel_7,schleich_spinosaurus_action_figure/multiview-11-pixel_7/images/044.jpg,schleich_spinosaurus_action_figure/multiview-11-pixel_7/images/053.jpg,79.84814,val,val,pixel_7,pixel_7
93,school_bus,multiview-12-pixel_5,multiview-12-pixel_5,school_bus/multiview-12-pixel_5/images/029.jpg,school_bus/multiview-12-pixel_5/images/034.jpg,51.782036,val,val,pixel_5,pixel_5
94,soldier_wood_showpiece,multiview-03-pixel_6pro,multiview-03-pixel_6pro,soldier_wood_showpiece/multiview-03-pixel_6pro/images/022.jpg,soldier_wood_showpiece/multiview-03-pixel_6pro/images/024.jpg,73.495289,val,val,pixel_6pro,pixel_6pro
95,steps_small_showpiece,multiview-02-pixel_6pro,multiview-02-pixel_6pro,steps_small_showpiece/multiview-02-pixel_6pro/images/016.jpg,steps_small_showpiece/multiview-02-pixel_6pro/images/018.jpg,53.265314,val,val,pixel_6pro,pixel_6pro
96,tractor_green_showpiece,multiview-01-pixel_4a,multiview-01-pixel_4a,tractor_green_showpiece/multiview-01-pixel_4a/images/016.jpg,tractor_green_showpiece/multiview-01-pixel_4a/images/018.jpg,56.213566,val,val,pixel_4a,pixel_4a
97,tumbler_air_balloon,multiview-03-pixel_6pro,multiview-03-pixel_6pro,tumbler_air_balloon/multiview-03-pixel_6pro/images/012.jpg,tumbler_air_balloon/multiview-03-pixel_6pro/images/014.jpg,52.396839,val,val,pixel_6pro,pixel_6pro
98,water_gun_toy_white,multiview-03-pixel_6pro,multiview-03-pixel_6pro,water_gun_toy_white/multiview-03-pixel_6pro/images/018.jpg,water_gun_toy_white/multiview-03-pixel_6pro/images/019.jpg,60.441289,val,val,pixel_6pro,pixel_6pro
99,water_gun_toy_yellow,multiview-04-pixel_6pro,multiview-04-pixel_6pro,water_gun_toy_yellow/multiview-04-pixel_6pro/images/015.jpg,water_gun_toy_yellow/multiview-04-pixel_6pro/images/017.jpg,62.941127,val,val,pixel_6pro,pixel_6pro
100,weisshai_great_white_shark,multiview-12-ipad_5,multiview-12-ipad_5,weisshai_great_white_shark/multiview-12-ipad_5/images/030.jpg,weisshai_great_white_shark/multiview-12-ipad_5/images/031.jpg,55.684151,val,val,ipad_5,ipad_5
101,welcome_sign_mushrooms,multiview-00-pixel_4a,multiview-00-pixel_4a,welcome_sign_mushrooms/multiview-00-pixel_4a/images/016.jpg,welcome_sign_mushrooms/multiview-00-pixel_4a/images/017.jpg,50.087716,val,val,pixel_4a,pixel_4a
102,well_with_leaf_roof_showpiece,multiview-03-pixel_6pro,multiview-03-pixel_6pro,well_with_leaf_roof_showpiece/multiview-03-pixel_6pro/images/016.jpg,well_with_leaf_roof_showpiece/multiview-03-pixel_6pro/images/019.jpg,81.35644,val,val,pixel_6pro,pixel_6pro
103,3d_dollhouse_sink,multiview-04-pixel_4xl,multiview-04-pixel_4xl,3d_dollhouse_sink/multiview-04-pixel_4xl/images/027.jpg,3d_dollhouse_sink/multiview-04-pixel_4xl/images/028.jpg,54.797669,val,val,pixel_4xl,pixel_4xl
104,bottle_vitamin_d_tablets,multiview-03-pixel_6pro,multiview-03-pixel_6pro,bottle_vitamin_d_tablets/multiview-03-pixel_6pro/images/021.jpg,bottle_vitamin_d_tablets/multiview-03-pixel_6pro/images/022.jpg,87.767625,val,val,pixel_6pro,pixel_6pro
105,box_multi_door_colored,multiview-02-pixel_6pro,multiview-02-pixel_6pro,box_multi_door_colored/multiview-02-pixel_6pro/images/022.jpg,box_multi_door_colored/multiview-02-pixel_6pro/images/023.jpg,82.368233,val,val,pixel_6pro,pixel_6pro
106,bunny_racer,multiview-10-pixel_5,multiview-10-pixel_5,bunny_racer/multiview-10-pixel_5/images/030.jpg,bunny_racer/multiview-10-pixel_5/images/031.jpg,83.410531,val,val,pixel_5,pixel_5
107,can_kernel_corn,multiview-03-pixel_6pro,multiview-03-pixel_6pro,can_kernel_corn/multiview-03-pixel_6pro/images/020.jpg,can_kernel_corn/multiview-03-pixel_6pro/images/023.jpg,74.997044,val,val,pixel_6pro,pixel_6pro
108,chicken_racer,multiview-10-pixel_4xl,multiview-10-pixel_4xl,chicken_racer/multiview-10-pixel_4xl/images/025.jpg,chicken_racer/multiview-10-pixel_4xl/images/028.jpg,67.072989,val,val,pixel_4xl,pixel_4xl
109,circo_fish_toothbrush_holder_14995988,multiview-15-canon_t4i,multiview-15-canon_t4i,circo_fish_toothbrush_holder_14995988/multiview-15-canon_t4i/images/162.jpg,circo_fish_toothbrush_holder_14995988/multiview-15-canon_t4i/images/167.jpg,61.28429,val,val,canon_t4i,canon_t4i
110,dino_4,multiview-10-pixel_4xl,multiview-10-pixel_4xl,dino_4/multiview-10-pixel_4xl/images/041.jpg,dino_4/multiview-10-pixel_4xl/images/047.jpg,77.315395,val,val,pixel_4xl,pixel_4xl
111,dino_5,multiview-09-pixel_5,multiview-09-pixel_5,dino_5/multiview-09-pixel_5/images/034.jpg,dino_5/multiview-09-pixel_5/images/035.jpg,51.126017,val,val,pixel_5,pixel_5
112,duck_bath_yellow_s,multiview-00-pixel_4a,multiview-00-pixel_4a,duck_bath_yellow_s/multiview-00-pixel_4a/images/016.jpg,duck_bath_yellow_s/multiview-00-pixel_4a/images/018.jpg,59.839047,val,val,pixel_4a,pixel_4a
113,fire_engine_toy_red_yellow_s,multiview-00-pixel_4a,multiview-00-pixel_4a,fire_engine_toy_red_yellow_s/multiview-00-pixel_4a/images/023.jpg,fire_engine_toy_red_yellow_s/multiview-00-pixel_4a/images/024.jpg,59.680102,val,val,pixel_4a,pixel_4a
114,garbage_truck_green_toy_s,multiview-02-pixel_6pro,multiview-02-pixel_6pro,garbage_truck_green_toy_s/multiview-02-pixel_6pro/images/022.jpg,garbage_truck_green_toy_s/multiview-02-pixel_6pro/images/023.jpg,69.610148,val,val,pixel_6pro,pixel_6pro
115,hand_drill_cordless_blue_black,multiview-00-pixel_6pro,multiview-00-pixel_6pro,hand_drill_cordless_blue_black/multiview-00-pixel_6pro/images/022.jpg,hand_drill_cordless_blue_black/multiview-00-pixel_6pro/images/024.jpg,54.067263,val,val,pixel_6pro,pixel_6pro
116,hut_mushrooms_showpiece,multiview-02-pixel_6pro,multiview-02-pixel_6pro,hut_mushrooms_showpiece/multiview-02-pixel_6pro/images/017.jpg,hut_mushrooms_showpiece/multiview-02-pixel_6pro/images/018.jpg,83.653047,val,val,pixel_6pro,pixel_6pro
117,ice_cream_cart_showpiece,multiview-04-pixel_6pro,multiview-04-pixel_6pro,ice_cream_cart_showpiece/multiview-04-pixel_6pro/images/018.jpg,ice_cream_cart_showpiece/multiview-04-pixel_6pro/images/019.jpg,55.689177,val,val,pixel_6pro,pixel_6pro
118,keywest_showpiece_s,multiview-02-pixel_6pro,multiview-02-pixel_6pro,keywest_showpiece_s/multiview-02-pixel_6pro/images/018.jpg,keywest_showpiece_s/multiview-02-pixel_6pro/images/019.jpg,65.984275,val,val,pixel_6pro,pixel_6pro
119,paper_weight_flowers_showpiece,multiview-01-pixel_4a,multiview-01-pixel_4a,paper_weight_flowers_showpiece/multiview-01-pixel_4a/images/017.jpg,paper_weight_flowers_showpiece/multiview-01-pixel_4a/images/018.jpg,63.858259,val,val,pixel_4a,pixel_4a
120,pumpkin_showpiece_s,multiview-01-pixel_4a,multiview-01-pixel_4a,pumpkin_showpiece_s/multiview-01-pixel_4a/images/017.jpg,pumpkin_showpiece_s/multiview-01-pixel_4a/images/018.jpg,65.727966,val,val,pixel_4a,pixel_4a
121,remote_control_toy_car_s,multiview-00-pixel_4a,multiview-00-pixel_4a,remote_control_toy_car_s/multiview-00-pixel_4a/images/020.jpg,remote_control_toy_car_s/multiview-00-pixel_4a/images/023.jpg,86.727285,val,val,pixel_4a,pixel_4a
122,schleich_african_black_rhino,multiview-08-pixel_4xl,multiview-08-pixel_4xl,schleich_african_black_rhino/multiview-08-pixel_4xl/images/025.jpg,schleich_african_black_rhino/multiview-08-pixel_4xl/images/028.jpg,75.758221,val,val,pixel_4xl,pixel_4xl
123,schleich_bald_eagle,multiview-11-canon_t4i,multiview-11-canon_t4i,schleich_bald_eagle/multiview-11-canon_t4i/images/037.jpg,schleich_bald_eagle/multiview-11-canon_t4i/images/040.jpg,50.444539,val,val,canon_t4i,canon_t4i
124,schleich_hereford_bull,multiview-06-ipad_5,multiview-06-ipad_5,schleich_hereford_bull/multiview-06-ipad_5/images/030.jpg,schleich_hereford_bull/multiview-06-ipad_5/images/031.jpg,89.613814,val,val,ipad_5,ipad_5
125,schleich_lion_action_figure,multiview-05-pixel_5,multiview-05-pixel_5,schleich_lion_action_figure/multiview-05-pixel_5/images/009.jpg,schleich_lion_action_figure/multiview-05-pixel_5/images/010.jpg,74.506298,val,val,pixel_5,pixel_5
126,schleich_spinosaurus_action_figure,multiview-10-canon_t4i,multiview-10-canon_t4i,schleich_spinosaurus_action_figure/multiview-10-canon_t4i/images/044.jpg,schleich_spinosaurus_action_figure/multiview-10-canon_t4i/images/049.jpg,53.638106,val,val,canon_t4i,canon_t4i
127,school_bus,multiview-12-pixel_5,multiview-12-pixel_5,school_bus/multiview-12-pixel_5/images/030.jpg,school_bus/multiview-12-pixel_5/images/031.jpg,64.8423,val,val,pixel_5,pixel_5
128,soldier_wood_showpiece,multiview-04-pixel_6pro,multiview-04-pixel_6pro,soldier_wood_showpiece/multiview-04-pixel_6pro/images/020.jpg,soldier_wood_showpiece/multiview-04-pixel_6pro/images/024.jpg,57.200571,val,val,pixel_6pro,pixel_6pro
129,steps_small_showpiece,multiview-01-pixel_4a,multiview-01-pixel_4a,steps_small_showpiece/multiview-01-pixel_4a/images/016.jpg,steps_small_showpiece/multiview-01-pixel_4a/images/018.jpg,63.212713,val,val,pixel_4a,pixel_4a
130,tractor_green_showpiece,multiview-03-pixel_6pro,multiview-03-pixel_6pro,tractor_green_showpiece/multiview-03-pixel_6pro/images/017.jpg,tractor_green_showpiece/multiview-03-pixel_6pro/images/019.jpg,75.019902,val,val,pixel_6pro,pixel_6pro
131,tumbler_air_balloon,multiview-04-pixel_6pro,multiview-04-pixel_6pro,tumbler_air_balloon/multiview-04-pixel_6pro/images/016.jpg,tumbler_air_balloon/multiview-04-pixel_6pro/images/017.jpg,62.542055,val,val,pixel_6pro,pixel_6pro
132,water_gun_toy_white,multiview-00-pixel_4a,multiview-00-pixel_4a,water_gun_toy_white/multiview-00-pixel_4a/images/016.jpg,water_gun_toy_white/multiview-00-pixel_4a/images/018.jpg,78.605208,val,val,pixel_4a,pixel_4a
133,water_gun_toy_yellow,multiview-04-pixel_6pro,multiview-04-pixel_6pro,water_gun_toy_yellow/multiview-04-pixel_6pro/images/017.jpg,water_gun_toy_yellow/multiview-04-pixel_6pro/images/018.jpg,87.945735,val,val,pixel_6pro,pixel_6pro
134,weisshai_great_white_shark,multiview-11-pixel_4xl,multiview-11-pixel_4xl,weisshai_great_white_shark/multiview-11-pixel_4xl/images/049.jpg,weisshai_great_white_shark/multiview-11-pixel_4xl/images/052.jpg,56.4505,val,val,pixel_4xl,pixel_4xl
135,welcome_sign_mushrooms,multiview-04-pixel_6pro,multiview-04-pixel_6pro,welcome_sign_mushrooms/multiview-04-pixel_6pro/images/018.jpg,welcome_sign_mushrooms/multiview-04-pixel_6pro/images/019.jpg,79.67627,val,val,pixel_6pro,pixel_6pro
136,well_with_leaf_roof_showpiece,multiview-01-pixel_4a,multiview-01-pixel_4a,well_with_leaf_roof_showpiece/multiview-01-pixel_4a/images/017.jpg,well_with_leaf_roof_showpiece/multiview-01-pixel_4a/images/018.jpg,85.080644,val,val,pixel_4a,pixel_4a
137,3d_dollhouse_sink,multiview-05-pixel_5,multiview-05-pixel_5,3d_dollhouse_sink/multiview-05-pixel_5/images/029.jpg,3d_dollhouse_sink/multiview-05-pixel_5/images/033.jpg,64.431837,val,val,pixel_5,pixel_5
138,bottle_vitamin_d_tablets,multiview-04-pixel_6pro,multiview-04-pixel_6pro,bottle_vitamin_d_tablets/multiview-04-pixel_6pro/images/019.jpg,bottle_vitamin_d_tablets/multiview-04-pixel_6pro/images/021.jpg,60.688572,val,val,pixel_6pro,pixel_6pro
139,box_multi_door_colored,multiview-00-pixel_4a,multiview-00-pixel_4a,box_multi_door_colored/multiview-00-pixel_4a/images/020.jpg,box_multi_door_colored/multiview-00-pixel_4a/images/023.jpg,85.476784,val,val,pixel_4a,pixel_4a
140,bunny_racer,multiview-10-pixel_5,multiview-10-pixel_5,bunny_racer/multiview-10-pixel_5/images/027.jpg,bunny_racer/multiview-10-pixel_5/images/029.jpg,51.909368,val,val,pixel_5,pixel_5
141,can_kernel_corn,multiview-01-pixel_4a,multiview-01-pixel_4a,can_kernel_corn/multiview-01-pixel_4a/images/021.jpg,can_kernel_corn/multiview-01-pixel_4a/images/024.jpg,52.155221,val,val,pixel_4a,pixel_4a
142,chicken_racer,multiview-13-pixel_4xl,multiview-13-pixel_4xl,chicken_racer/multiview-13-pixel_4xl/images/031.jpg,chicken_racer/multiview-13-pixel_4xl/images/034.jpg,74.006001,val,val,pixel_4xl,pixel_4xl
143,circo_fish_toothbrush_holder_14995988,multiview-15-pixel_7,multiview-15-pixel_7,circo_fish_toothbrush_holder_14995988/multiview-15-pixel_7/images/126.jpg,circo_fish_toothbrush_holder_14995988/multiview-15-pixel_7/images/137.jpg,58.316432,val,val,pixel_7,pixel_7
144,dino_4,multiview-09-ipad_5,multiview-09-ipad_5,dino_4/multiview-09-ipad_5/images/043.jpg,dino_4/multiview-09-ipad_5/images/055.jpg,65.425138,val,val,ipad_5,ipad_5
145,dino_5,multiview-13-canon_t4i,multiview-13-canon_t4i,dino_5/multiview-13-canon_t4i/images/037.jpg,dino_5/multiview-13-canon_t4i/images/041.jpg,58.534816,val,val,canon_t4i,canon_t4i
146,duck_bath_yellow_s,multiview-00-pixel_4a,multiview-00-pixel_4a,duck_bath_yellow_s/multiview-00-pixel_4a/images/018.jpg,duck_bath_yellow_s/multiview-00-pixel_4a/images/019.jpg,65.380396,val,val,pixel_4a,pixel_4a
147,fire_engine_toy_red_yellow_s,multiview-02-pixel_6pro,multiview-02-pixel_6pro,fire_engine_toy_red_yellow_s/multiview-02-pixel_6pro/images/020.jpg,fire_engine_toy_red_yellow_s/multiview-02-pixel_6pro/images/023.jpg,58.588344,val,val,pixel_6pro,pixel_6pro
148,garbage_truck_green_toy_s,multiview-00-pixel_4a,multiview-00-pixel_4a,garbage_truck_green_toy_s/multiview-00-pixel_4a/images/020.jpg,garbage_truck_green_toy_s/multiview-00-pixel_4a/images/021.jpg,80.143071,val,val,pixel_4a,pixel_4a
149,hand_drill_cordless_blue_black,multiview-04-pixel_6pro,multiview-04-pixel_6pro,hand_drill_cordless_blue_black/multiview-04-pixel_6pro/images/020.jpg,hand_drill_cordless_blue_black/multiview-04-pixel_6pro/images/021.jpg,72.056124,val,val,pixel_6pro,pixel_6pro
150,hut_mushrooms_showpiece,multiview-04-pixel_6pro,multiview-04-pixel_6pro,hut_mushrooms_showpiece/multiview-04-pixel_6pro/images/015.jpg,hut_mushrooms_showpiece/multiview-04-pixel_6pro/images/016.jpg,77.165717,val,val,pixel_6pro,pixel_6pro
151,ice_cream_cart_showpiece,multiview-03-pixel_6pro,multiview-03-pixel_6pro,ice_cream_cart_showpiece/multiview-03-pixel_6pro/images/016.jpg,ice_cream_cart_showpiece/multiview-03-pixel_6pro/images/019.jpg,71.83444,val,val,pixel_6pro,pixel_6pro
152,keywest_showpiece_s,multiview-00-pixel_6pro,multiview-00-pixel_6pro,keywest_showpiece_s/multiview-00-pixel_6pro/images/020.jpg,keywest_showpiece_s/multiview-00-pixel_6pro/images/021.jpg,68.880112,val,val,pixel_6pro,pixel_6pro
153,paper_weight_flowers_showpiece,multiview-04-pixel_6pro,multiview-04-pixel_6pro,paper_weight_flowers_showpiece/multiview-04-pixel_6pro/images/016.jpg,paper_weight_flowers_showpiece/multiview-04-pixel_6pro/images/019.jpg,88.445585,val,val,pixel_6pro,pixel_6pro
154,pumpkin_showpiece_s,multiview-00-pixel_4a,multiview-00-pixel_4a,pumpkin_showpiece_s/multiview-00-pixel_4a/images/014.jpg,pumpkin_showpiece_s/multiview-00-pixel_4a/images/015.jpg,50.920382,val,val,pixel_4a,pixel_4a
155,remote_control_toy_car_s,multiview-02-pixel_6pro,multiview-02-pixel_6pro,remote_control_toy_car_s/multiview-02-pixel_6pro/images/023.jpg,remote_control_toy_car_s/multiview-02-pixel_6pro/images/024.jpg,86.233822,val,val,pixel_6pro,pixel_6pro
156,schleich_african_black_rhino,multiview-11-canon_t4i,multiview-11-canon_t4i,schleich_african_black_rhino/multiview-11-canon_t4i/images/024.jpg,schleich_african_black_rhino/multiview-11-canon_t4i/images/025.jpg,75.395338,val,val,canon_t4i,canon_t4i
157,schleich_bald_eagle,multiview-10-pixel_7,multiview-10-pixel_7,schleich_bald_eagle/multiview-10-pixel_7/images/021.jpg,schleich_bald_eagle/multiview-10-pixel_7/images/026.jpg,56.108238,val,val,pixel_7,pixel_7
158,schleich_hereford_bull,multiview-04-pixel_5,multiview-04-pixel_5,schleich_hereford_bull/multiview-04-pixel_5/images/031.jpg,schleich_hereford_bull/multiview-04-pixel_5/images/033.jpg,58.990048,val,val,pixel_5,pixel_5
159,schleich_lion_action_figure,multiview-11-ipad_5,multiview-11-ipad_5,schleich_lion_action_figure/multiview-11-ipad_5/images/033.jpg,schleich_lion_action_figure/multiview-11-ipad_5/images/035.jpg,68.293037,val,val,ipad_5,ipad_5
160,schleich_spinosaurus_action_figure,multiview-09-canon_t4i,multiview-09-canon_t4i,schleich_spinosaurus_action_figure/multiview-09-canon_t4i/images/034.jpg,schleich_spinosaurus_action_figure/multiview-09-canon_t4i/images/038.jpg,70.411111,val,val,canon_t4i,canon_t4i
161,school_bus,multiview-08-pixel_4xl,multiview-08-pixel_4xl,school_bus/multiview-08-pixel_4xl/images/024.jpg,school_bus/multiview-08-pixel_4xl/images/030.jpg,56.003832,val,val,pixel_4xl,pixel_4xl
162,soldier_wood_showpiece,multiview-03-pixel_6pro,multiview-03-pixel_6pro,soldier_wood_showpiece/multiview-03-pixel_6pro/images/021.jpg,soldier_wood_showpiece/multiview-03-pixel_6pro/images/024.jpg,50.526316,val,val,pixel_6pro,pixel_6pro
163,steps_small_showpiece,multiview-02-pixel_6pro,multiview-02-pixel_6pro,steps_small_showpiece/multiview-02-pixel_6pro/images/016.jpg,steps_small_showpiece/multiview-02-pixel_6pro/images/019.jpg,58.958889,val,val,pixel_6pro,pixel_6pro
164,tractor_green_showpiece,multiview-01-pixel_4a,multiview-01-pixel_4a,tractor_green_showpiece/multiview-01-pixel_4a/images/018.jpg,tractor_green_showpiece/multiview-01-pixel_4a/images/019.jpg,88.508788,val,val,pixel_4a,pixel_4a
165,tumbler_air_balloon,multiview-03-pixel_6pro,multiview-03-pixel_6pro,tumbler_air_balloon/multiview-03-pixel_6pro/images/014.jpg,tumbler_air_balloon/multiview-03-pixel_6pro/images/015.jpg,60.495957,val,val,pixel_6pro,pixel_6pro
166,water_gun_toy_white,multiview-03-pixel_6pro,multiview-03-pixel_6pro,water_gun_toy_white/multiview-03-pixel_6pro/images/016.jpg,water_gun_toy_white/multiview-03-pixel_6pro/images/017.jpg,52.449718,val,val,pixel_6pro,pixel_6pro
167,water_gun_toy_yellow,multiview-01-pixel_4a,multiview-01-pixel_4a,water_gun_toy_yellow/multiview-01-pixel_4a/images/016.jpg,water_gun_toy_yellow/multiview-01-pixel_4a/images/017.jpg,65.052876,val,val,pixel_4a,pixel_4a
168,weisshai_great_white_shark,multiview-07-ipad_5,multiview-07-ipad_5,weisshai_great_white_shark/multiview-07-ipad_5/images/051.jpg,weisshai_great_white_shark/multiview-07-ipad_5/images/055.jpg,80.306758,val,val,ipad_5,ipad_5
169,welcome_sign_mushrooms,multiview-03-pixel_6pro,multiview-03-pixel_6pro,welcome_sign_mushrooms/multiview-03-pixel_6pro/images/016.jpg,welcome_sign_mushrooms/multiview-03-pixel_6pro/images/019.jpg,61.69111,val,val,pixel_6pro,pixel_6pro
170,3d_dollhouse_sink,multiview-06-pixel_7,multiview-06-pixel_7,3d_dollhouse_sink/multiview-06-pixel_7/images/029.jpg,3d_dollhouse_sink/multiview-06-pixel_7/images/032.jpg,68.926984,val,val,pixel_7,pixel_7
171,bottle_vitamin_d_tablets,multiview-00-pixel_4a,multiview-00-pixel_4a,bottle_vitamin_d_tablets/multiview-00-pixel_4a/images/020.jpg,bottle_vitamin_d_tablets/multiview-00-pixel_4a/images/024.jpg,81.709733,val,val,pixel_4a,pixel_4a
172,box_multi_door_colored,multiview-02-pixel_6pro,multiview-02-pixel_6pro,box_multi_door_colored/multiview-02-pixel_6pro/images/021.jpg,box_multi_door_colored/multiview-02-pixel_6pro/images/023.jpg,82.598747,val,val,pixel_6pro,pixel_6pro
173,bunny_racer,multiview-07-ipad_4,multiview-07-ipad_4,bunny_racer/multiview-07-ipad_4/images/017.jpg,bunny_racer/multiview-07-ipad_4/images/019.jpg,77.684973,val,val,ipad_4,ipad_4
174,can_kernel_corn,multiview-02-pixel_6pro,multiview-02-pixel_6pro,can_kernel_corn/multiview-02-pixel_6pro/images/022.jpg,can_kernel_corn/multiview-02-pixel_6pro/images/023.jpg,74.716484,val,val,pixel_6pro,pixel_6pro
175,chicken_racer,multiview-09-pixel_4xl,multiview-09-pixel_4xl,chicken_racer/multiview-09-pixel_4xl/images/028.jpg,chicken_racer/multiview-09-pixel_4xl/images/034.jpg,85.12724,val,val,pixel_4xl,pixel_4xl
176,circo_fish_toothbrush_holder_14995988,multiview-15-canon_t4i,multiview-15-canon_t4i,circo_fish_toothbrush_holder_14995988/multiview-15-canon_t4i/images/162.jpg,circo_fish_toothbrush_holder_14995988/multiview-15-canon_t4i/images/166.jpg,57.183818,val,val,canon_t4i,canon_t4i
177,dino_4,multiview-07-sony_a7iv,multiview-07-sony_a7iv,dino_4/multiview-07-sony_a7iv/images/029.jpg,dino_4/multiview-07-sony_a7iv/images/032.jpg,58.856482,val,val,sony_a7iv,sony_a7iv
178,dino_5,multiview-09-canon_t4i,multiview-09-canon_t4i,dino_5/multiview-09-canon_t4i/images/042.jpg,dino_5/multiview-09-canon_t4i/images/046.jpg,59.247498,val,val,canon_t4i,canon_t4i
179,duck_bath_yellow_s,multiview-04-pixel_6pro,multiview-04-pixel_6pro,duck_bath_yellow_s/multiview-04-pixel_6pro/images/016.jpg,duck_bath_yellow_s/multiview-04-pixel_6pro/images/018.jpg,67.750978,val,val,pixel_6pro,pixel_6pro
180,fire_engine_toy_red_yellow_s,multiview-02-pixel_6pro,multiview-02-pixel_6pro,fire_engine_toy_red_yellow_s/multiview-02-pixel_6pro/images/021.jpg,fire_engine_toy_red_yellow_s/multiview-02-pixel_6pro/images/023.jpg,76.209291,val,val,pixel_6pro,pixel_6pro
181,garbage_truck_green_toy_s,multiview-01-pixel_4a,multiview-01-pixel_4a,garbage_truck_green_toy_s/multiview-01-pixel_4a/images/021.jpg,garbage_truck_green_toy_s/multiview-01-pixel_4a/images/024.jpg,62.392977,val,val,pixel_4a,pixel_4a
182,hand_drill_cordless_blue_black,multiview-03-pixel_6pro,multiview-03-pixel_6pro,hand_drill_cordless_blue_black/multiview-03-pixel_6pro/images/020.jpg,hand_drill_cordless_blue_black/multiview-03-pixel_6pro/images/021.jpg,76.119345,val,val,pixel_6pro,pixel_6pro
183,hut_mushrooms_showpiece,multiview-00-pixel_4a,multiview-00-pixel_4a,hut_mushrooms_showpiece/multiview-00-pixel_4a/images/016.jpg,hut_mushrooms_showpiece/multiview-00-pixel_4a/images/017.jpg,81.350555,val,val,pixel_4a,pixel_4a
184,ice_cream_cart_showpiece,multiview-03-pixel_6pro,multiview-03-pixel_6pro,ice_cream_cart_showpiece/multiview-03-pixel_6pro/images/017.jpg,ice_cream_cart_showpiece/multiview-03-pixel_6pro/images/018.jpg,70.030677,val,val,pixel_6pro,pixel_6pro
185,keywest_showpiece_s,multiview-00-pixel_6pro,multiview-00-pixel_6pro,keywest_showpiece_s/multiview-00-pixel_6pro/images/021.jpg,keywest_showpiece_s/multiview-00-pixel_6pro/images/023.jpg,86.813446,val,val,pixel_6pro,pixel_6pro
186,paper_weight_flowers_showpiece,multiview-04-pixel_6pro,multiview-04-pixel_6pro,paper_weight_flowers_showpiece/multiview-04-pixel_6pro/images/016.jpg,paper_weight_flowers_showpiece/multiview-04-pixel_6pro/images/017.jpg,73.530487,val,val,pixel_6pro,pixel_6pro
187,pumpkin_showpiece_s,multiview-00-pixel_4a,multiview-00-pixel_4a,pumpkin_showpiece_s/multiview-00-pixel_4a/images/014.jpg,pumpkin_showpiece_s/multiview-00-pixel_4a/images/016.jpg,75.718232,val,val,pixel_4a,pixel_4a
188,remote_control_toy_car_s,multiview-02-pixel_6pro,multiview-02-pixel_6pro,remote_control_toy_car_s/multiview-02-pixel_6pro/images/020.jpg,remote_control_toy_car_s/multiview-02-pixel_6pro/images/023.jpg,58.599532,val,val,pixel_6pro,pixel_6pro
189,schleich_african_black_rhino,multiview-10-pixel_4xl,multiview-10-pixel_4xl,schleich_african_black_rhino/multiview-10-pixel_4xl/images/030.jpg,schleich_african_black_rhino/multiview-10-pixel_4xl/images/032.jpg,78.156712,val,val,pixel_4xl,pixel_4xl
190,schleich_bald_eagle,multiview-07-pixel_4xl,multiview-07-pixel_4xl,schleich_bald_eagle/multiview-07-pixel_4xl/images/035.jpg,schleich_bald_eagle/multiview-07-pixel_4xl/images/036.jpg,72.375216,val,val,pixel_4xl,pixel_4xl
191,schleich_hereford_bull,multiview-03-ipad_5,multiview-03-ipad_5,schleich_hereford_bull/multiview-03-ipad_5/images/030.jpg,schleich_hereford_bull/multiview-03-ipad_5/images/036.jpg,73.123016,val,val,ipad_5,ipad_5
192,schleich_lion_action_figure,multiview-10-pixel_5,multiview-10-pixel_5,schleich_lion_action_figure/multiview-10-pixel_5/images/035.jpg,schleich_lion_action_figure/multiview-10-pixel_5/images/038.jpg,84.747628,val,val,pixel_5,pixel_5
193,schleich_spinosaurus_action_figure,multiview-11-canon_t4i,multiview-11-canon_t4i,schleich_spinosaurus_action_figure/multiview-11-canon_t4i/images/042.jpg,schleich_spinosaurus_action_figure/multiview-11-canon_t4i/images/050.jpg,83.959316,val,val,canon_t4i,canon_t4i
194,school_bus,multiview-10-pixel_5,multiview-10-pixel_5,school_bus/multiview-10-pixel_5/images/028.jpg,school_bus/multiview-10-pixel_5/images/034.jpg,50.811719,val,val,pixel_5,pixel_5
195,soldier_wood_showpiece,multiview-00-pixel_4a,multiview-00-pixel_4a,soldier_wood_showpiece/multiview-00-pixel_4a/images/020.jpg,soldier_wood_showpiece/multiview-00-pixel_4a/images/023.jpg,59.899886,val,val,pixel_4a,pixel_4a
196,steps_small_showpiece,multiview-02-pixel_6pro,multiview-02-pixel_6pro,steps_small_showpiece/multiview-02-pixel_6pro/images/016.jpg,steps_small_showpiece/multiview-02-pixel_6pro/images/017.jpg,58.734272,val,val,pixel_6pro,pixel_6pro
197,tractor_green_showpiece,multiview-04-pixel_6pro,multiview-04-pixel_6pro,tractor_green_showpiece/multiview-04-pixel_6pro/images/016.jpg,tractor_green_showpiece/multiview-04-pixel_6pro/images/017.jpg,59.424833,val,val,pixel_6pro,pixel_6pro
198,tumbler_air_balloon,multiview-04-pixel_6pro,multiview-04-pixel_6pro,tumbler_air_balloon/multiview-04-pixel_6pro/images/018.jpg,tumbler_air_balloon/multiview-04-pixel_6pro/images/019.jpg,76.754313,val,val,pixel_6pro,pixel_6pro
199,water_gun_toy_white,multiview-00-pixel_4a,multiview-00-pixel_4a,water_gun_toy_white/multiview-00-pixel_4a/images/016.jpg,water_gun_toy_white/multiview-00-pixel_4a/images/017.jpg,55.703711,val,val,pixel_4a,pixel_4a
200,water_gun_toy_yellow,multiview-00-pixel_4a,multiview-00-pixel_4a,water_gun_toy_yellow/multiview-00-pixel_4a/images/015.jpg,water_gun_toy_yellow/multiview-00-pixel_4a/images/016.jpg,68.692385,val,val,pixel_4a,pixel_4a
201,weisshai_great_white_shark,multiview-07-sony_a7iv,multiview-07-sony_a7iv,weisshai_great_white_shark/multiview-07-sony_a7iv/images/031.jpg,weisshai_great_white_shark/multiview-07-sony_a7iv/images/038.jpg,65.043453,val,val,sony_a7iv,sony_a7iv
202,welcome_sign_mushrooms,multiview-01-pixel_4a,multiview-01-pixel_4a,welcome_sign_mushrooms/multiview-01-pixel_4a/images/016.jpg,welcome_sign_mushrooms/multiview-01-pixel_4a/images/018.jpg,58.887558,val,val,pixel_4a,pixel_4a
203,3d_dollhouse_sink,multiview-04-canon_t4i,multiview-04-canon_t4i,3d_dollhouse_sink/multiview-04-canon_t4i/images/026.jpg,3d_dollhouse_sink/multiview-04-canon_t4i/images/028.jpg,84.603868,val,val,canon_t4i,canon_t4i
204,bottle_vitamin_d_tablets,multiview-04-pixel_6pro,multiview-04-pixel_6pro,bottle_vitamin_d_tablets/multiview-04-pixel_6pro/images/022.jpg,bottle_vitamin_d_tablets/multiview-04-pixel_6pro/images/023.jpg,62.206003,val,val,pixel_6pro,pixel_6pro
205,box_multi_door_colored,multiview-00-pixel_4a,multiview-00-pixel_4a,box_multi_door_colored/multiview-00-pixel_4a/images/020.jpg,box_multi_door_colored/multiview-00-pixel_4a/images/024.jpg,60.294537,val,val,pixel_4a,pixel_4a
206,bunny_racer,multiview-13-canon_t4i,multiview-13-canon_t4i,bunny_racer/multiview-13-canon_t4i/images/025.jpg,bunny_racer/multiview-13-canon_t4i/images/029.jpg,88.778083,val,val,canon_t4i,canon_t4i
207,can_kernel_corn,multiview-02-pixel_6pro,multiview-02-pixel_6pro,can_kernel_corn/multiview-02-pixel_6pro/images/023.jpg,can_kernel_corn/multiview-02-pixel_6pro/images/024.jpg,79.512837,val,val,pixel_6pro,pixel_6pro
208,chicken_racer,multiview-12-pixel_5,multiview-12-pixel_5,chicken_racer/multiview-12-pixel_5/images/024.jpg,chicken_racer/multiview-12-pixel_5/images/025.jpg,88.507503,val,val,pixel_5,pixel_5
209,circo_fish_toothbrush_holder_14995988,multiview-15-pixel_7,multiview-15-pixel_7,circo_fish_toothbrush_holder_14995988/multiview-15-pixel_7/images/127.jpg,circo_fish_toothbrush_holder_14995988/multiview-15-pixel_7/images/135.jpg,70.905859,val,val,pixel_7,pixel_7
210,dino_4,multiview-09-pixel_5,multiview-09-pixel_5,dino_4/multiview-09-pixel_5/images/069.jpg,dino_4/multiview-09-pixel_5/images/072.jpg,58.928591,val,val,pixel_5,pixel_5
211,dino_5,multiview-10-pixel_5,multiview-10-pixel_5,dino_5/multiview-10-pixel_5/images/029.jpg,dino_5/multiview-10-pixel_5/images/033.jpg,66.21831,val,val,pixel_5,pixel_5
212,duck_bath_yellow_s,multiview-00-pixel_4a,multiview-00-pixel_4a,duck_bath_yellow_s/multiview-00-pixel_4a/images/016.jpg,duck_bath_yellow_s/multiview-00-pixel_4a/images/017.jpg,80.390846,val,val,pixel_4a,pixel_4a
213,fire_engine_toy_red_yellow_s,multiview-01-pixel_4a,multiview-01-pixel_4a,fire_engine_toy_red_yellow_s/multiview-01-pixel_4a/images/021.jpg,fire_engine_toy_red_yellow_s/multiview-01-pixel_4a/images/024.jpg,66.956553,val,val,pixel_4a,pixel_4a
214,garbage_truck_green_toy_s,multiview-00-pixel_4a,multiview-00-pixel_4a,garbage_truck_green_toy_s/multiview-00-pixel_4a/images/023.jpg,garbage_truck_green_toy_s/multiview-00-pixel_4a/images/024.jpg,66.350042,val,val,pixel_4a,pixel_4a
215,hand_drill_cordless_blue_black,multiview-04-pixel_6pro,multiview-04-pixel_6pro,hand_drill_cordless_blue_black/multiview-04-pixel_6pro/images/021.jpg,hand_drill_cordless_blue_black/multiview-04-pixel_6pro/images/022.jpg,61.399786,val,val,pixel_6pro,pixel_6pro
216,hut_mushrooms_showpiece,multiview-00-pixel_4a,multiview-00-pixel_4a,hut_mushrooms_showpiece/multiview-00-pixel_4a/images/016.jpg,hut_mushrooms_showpiece/multiview-00-pixel_4a/images/018.jpg,72.784377,val,val,pixel_4a,pixel_4a
217,ice_cream_cart_showpiece,multiview-00-pixel_4a,multiview-00-pixel_4a,ice_cream_cart_showpiece/multiview-00-pixel_4a/images/016.jpg,ice_cream_cart_showpiece/multiview-00-pixel_4a/images/017.jpg,54.273261,val,val,pixel_4a,pixel_4a
218,keywest_showpiece_s,multiview-03-pixel_6pro,multiview-03-pixel_6pro,keywest_showpiece_s/multiview-03-pixel_6pro/images/023.jpg,keywest_showpiece_s/multiview-03-pixel_6pro/images/024.jpg,82.977326,val,val,pixel_6pro,pixel_6pro
219,paper_weight_flowers_showpiece,multiview-00-pixel_4a,multiview-00-pixel_4a,paper_weight_flowers_showpiece/multiview-00-pixel_4a/images/016.jpg,paper_weight_flowers_showpiece/multiview-00-pixel_4a/images/019.jpg,51.651223,val,val,pixel_4a,pixel_4a
220,remote_control_toy_car_s,multiview-01-pixel_4a,multiview-01-pixel_4a,remote_control_toy_car_s/multiview-01-pixel_4a/images/021.jpg,remote_control_toy_car_s/multiview-01-pixel_4a/images/024.jpg,59.080929,val,val,pixel_4a,pixel_4a
221,schleich_african_black_rhino,multiview-07-ipad_5,multiview-07-ipad_5,schleich_african_black_rhino/multiview-07-ipad_5/images/035.jpg,schleich_african_black_rhino/multiview-07-ipad_5/images/038.jpg,71.297359,val,val,ipad_5,ipad_5
222,schleich_bald_eagle,multiview-11-pixel_7,multiview-11-pixel_7,schleich_bald_eagle/multiview-11-pixel_7/images/035.jpg,schleich_bald_eagle/multiview-11-pixel_7/images/045.jpg,82.088299,val,val,pixel_7,pixel_7
223,schleich_hereford_bull,multiview-04-pixel_4xl,multiview-04-pixel_4xl,schleich_hereford_bull/multiview-04-pixel_4xl/images/036.jpg,schleich_hereford_bull/multiview-04-pixel_4xl/images/037.jpg,75.787796,val,val,pixel_4xl,pixel_4xl
224,schleich_lion_action_figure,multiview-08-ipad_5,multiview-08-ipad_5,schleich_lion_action_figure/multiview-08-ipad_5/images/028.jpg,schleich_lion_action_figure/multiview-08-ipad_5/images/030.jpg,59.441187,val,val,ipad_5,ipad_5
225,schleich_spinosaurus_action_figure,multiview-10-ipad_5,multiview-10-ipad_5,schleich_spinosaurus_action_figure/multiview-10-ipad_5/images/042.jpg,schleich_spinosaurus_action_figure/multiview-10-ipad_5/images/049.jpg,85.253053,val,val,ipad_5,ipad_5
226,school_bus,multiview-12-ipad_5,multiview-12-ipad_5,school_bus/multiview-12-ipad_5/images/028.jpg,school_bus/multiview-12-ipad_5/images/031.jpg,74.483422,val,val,ipad_5,ipad_5
227,soldier_wood_showpiece,multiview-04-pixel_6pro,multiview-04-pixel_6pro,soldier_wood_showpiece/multiview-04-pixel_6pro/images/023.jpg,soldier_wood_showpiece/multiview-04-pixel_6pro/images/024.jpg,89.011347,val,val,pixel_6pro,pixel_6pro
228,steps_small_showpiece,multiview-04-pixel_6pro,multiview-04-pixel_6pro,steps_small_showpiece/multiview-04-pixel_6pro/images/016.jpg,steps_small_showpiece/multiview-04-pixel_6pro/images/017.jpg,84.321581,val,val,pixel_6pro,pixel_6pro
229,tractor_green_showpiece,multiview-04-pixel_6pro,multiview-04-pixel_6pro,tractor_green_showpiece/multiview-04-pixel_6pro/images/017.jpg,tractor_green_showpiece/multiview-04-pixel_6pro/images/018.jpg,83.255361,val,val,pixel_6pro,pixel_6pro
230,tumbler_air_balloon,multiview-02-pixel_6pro,multiview-02-pixel_6pro,tumbler_air_balloon/multiview-02-pixel_6pro/images/016.jpg,tumbler_air_balloon/multiview-02-pixel_6pro/images/019.jpg,62.062925,val,val,pixel_6pro,pixel_6pro
231,water_gun_toy_white,multiview-04-pixel_6pro,multiview-04-pixel_6pro,water_gun_toy_white/multiview-04-pixel_6pro/images/016.jpg,water_gun_toy_white/multiview-04-pixel_6pro/images/019.jpg,79.112821,val,val,pixel_6pro,pixel_6pro
232,water_gun_toy_yellow,multiview-04-pixel_6pro,multiview-04-pixel_6pro,water_gun_toy_yellow/multiview-04-pixel_6pro/images/015.jpg,water_gun_toy_yellow/multiview-04-pixel_6pro/images/016.jpg,72.760366,val,val,pixel_6pro,pixel_6pro
233,weisshai_great_white_shark,multiview-07-sony_a7iv,multiview-07-sony_a7iv,weisshai_great_white_shark/multiview-07-sony_a7iv/images/031.jpg,weisshai_great_white_shark/multiview-07-sony_a7iv/images/036.jpg,89.704971,val,val,sony_a7iv,sony_a7iv
234,3d_dollhouse_sink,multiview-07-canon_t4i,multiview-07-canon_t4i,3d_dollhouse_sink/multiview-07-canon_t4i/images/036.jpg,3d_dollhouse_sink/multiview-07-canon_t4i/images/039.jpg,66.86043,val,val,canon_t4i,canon_t4i
235,bottle_vitamin_d_tablets,multiview-02-pixel_6pro,multiview-02-pixel_6pro,bottle_vitamin_d_tablets/multiview-02-pixel_6pro/images/021.jpg,bottle_vitamin_d_tablets/multiview-02-pixel_6pro/images/022.jpg,77.321869,val,val,pixel_6pro,pixel_6pro
236,box_multi_door_colored,multiview-03-pixel_6pro,multiview-03-pixel_6pro,box_multi_door_colored/multiview-03-pixel_6pro/images/020.jpg,box_multi_door_colored/multiview-03-pixel_6pro/images/023.jpg,59.772634,val,val,pixel_6pro,pixel_6pro
237,bunny_racer,multiview-10-canon_t4i,multiview-10-canon_t4i,bunny_racer/multiview-10-canon_t4i/images/030.jpg,bunny_racer/multiview-10-canon_t4i/images/035.jpg,87.81482,val,val,canon_t4i,canon_t4i
238,can_kernel_corn,multiview-02-pixel_6pro,multiview-02-pixel_6pro,can_kernel_corn/multiview-02-pixel_6pro/images/020.jpg,can_kernel_corn/multiview-02-pixel_6pro/images/023.jpg,55.082965,val,val,pixel_6pro,pixel_6pro
239,chicken_racer,multiview-13-pixel_5,multiview-13-pixel_5,chicken_racer/multiview-13-pixel_5/images/027.jpg,chicken_racer/multiview-13-pixel_5/images/030.jpg,69.426365,val,val,pixel_5,pixel_5
240,circo_fish_toothbrush_holder_14995988,multiview-15-pixel_7,multiview-15-pixel_7,circo_fish_toothbrush_holder_14995988/multiview-15-pixel_7/images/133.jpg,circo_fish_toothbrush_holder_14995988/multiview-15-pixel_7/images/138.jpg,88.601884,val,val,pixel_7,pixel_7
241,dino_4,multiview-09-ipad_5,multiview-09-ipad_5,dino_4/multiview-09-ipad_5/images/048.jpg,dino_4/multiview-09-ipad_5/images/049.jpg,79.960287,val,val,ipad_5,ipad_5
242,dino_5,multiview-13-canon_t4i,multiview-13-canon_t4i,dino_5/multiview-13-canon_t4i/images/039.jpg,dino_5/multiview-13-canon_t4i/images/045.jpg,89.62099,val,val,canon_t4i,canon_t4i
243,duck_bath_yellow_s,multiview-02-pixel_6pro,multiview-02-pixel_6pro,duck_bath_yellow_s/multiview-02-pixel_6pro/images/016.jpg,duck_bath_yellow_s/multiview-02-pixel_6pro/images/017.jpg,53.918211,val,val,pixel_6pro,pixel_6pro
244,fire_engine_toy_red_yellow_s,multiview-00-pixel_4a,multiview-00-pixel_4a,fire_engine_toy_red_yellow_s/multiview-00-pixel_4a/images/020.jpg,fire_engine_toy_red_yellow_s/multiview-00-pixel_4a/images/024.jpg,86.841272,val,val,pixel_4a,pixel_4a
245,garbage_truck_green_toy_s,multiview-04-pixel_6pro,multiview-04-pixel_6pro,garbage_truck_green_toy_s/multiview-04-pixel_6pro/images/021.jpg,garbage_truck_green_toy_s/multiview-04-pixel_6pro/images/022.jpg,87.250491,val,val,pixel_6pro,pixel_6pro
246,hand_drill_cordless_blue_black,multiview-02-pixel_6pro,multiview-02-pixel_6pro,hand_drill_cordless_blue_black/multiview-02-pixel_6pro/images/022.jpg,hand_drill_cordless_blue_black/multiview-02-pixel_6pro/images/024.jpg,74.038796,val,val,pixel_6pro,pixel_6pro
247,hut_mushrooms_showpiece,multiview-03-pixel_6pro,multiview-03-pixel_6pro,hut_mushrooms_showpiece/multiview-03-pixel_6pro/images/017.jpg,hut_mushrooms_showpiece/multiview-03-pixel_6pro/images/018.jpg,75.860887,val,val,pixel_6pro,pixel_6pro
248,ice_cream_cart_showpiece,multiview-02-pixel_6pro,multiview-02-pixel_6pro,ice_cream_cart_showpiece/multiview-02-pixel_6pro/images/016.jpg,ice_cream_cart_showpiece/multiview-02-pixel_6pro/images/018.jpg,59.892866,val,val,pixel_6pro,pixel_6pro
249,keywest_showpiece_s,multiview-01-pixel_6pro,multiview-01-pixel_6pro,keywest_showpiece_s/multiview-01-pixel_6pro/images/022.jpg,keywest_showpiece_s/multiview-01-pixel_6pro/images/023.jpg,77.091317,val,val,pixel_6pro,pixel_6pro
250,remote_control_toy_car_s,multiview-03-pixel_6pro,multiview-03-pixel_6pro,remote_control_toy_car_s/multiview-03-pixel_6pro/images/021.jpg,remote_control_toy_car_s/multiview-03-pixel_6pro/images/024.jpg,68.302479,val,val,pixel_6pro,pixel_6pro
251,schleich_african_black_rhino,multiview-10-ipad_5,multiview-10-ipad_5,schleich_african_black_rhino/multiview-10-ipad_5/images/031.jpg,schleich_african_black_rhino/multiview-10-ipad_5/images/035.jpg,58.439561,val,val,ipad_5,ipad_5
252,schleich_bald_eagle,multiview-07-pixel_5,multiview-07-pixel_5,schleich_bald_eagle/multiview-07-pixel_5/images/031.jpg,schleich_bald_eagle/multiview-07-pixel_5/images/034.jpg,64.15776,val,val,pixel_5,pixel_5
253,schleich_hereford_bull,multiview-05-pixel_4xl,multiview-05-pixel_4xl,schleich_hereford_bull/multiview-05-pixel_4xl/images/021.jpg,schleich_hereford_bull/multiview-05-pixel_4xl/images/022.jpg,50.984278,val,val,pixel_4xl,pixel_4xl
254,schleich_lion_action_figure,multiview-11-ipad_5,multiview-11-ipad_5,schleich_lion_action_figure/multiview-11-ipad_5/images/029.jpg,schleich_lion_action_figure/multiview-11-ipad_5/images/030.jpg,89.606153,val,val,ipad_5,ipad_5
255,schleich_spinosaurus_action_figure,multiview-10-canon_t4i,multiview-10-canon_t4i,schleich_spinosaurus_action_figure/multiview-10-canon_t4i/images/046.jpg,schleich_spinosaurus_action_figure/multiview-10-canon_t4i/images/052.jpg,56.446317,val,val,canon_t4i,canon_t4i
256,school_bus,multiview-12-ipad_5,multiview-12-ipad_5,school_bus/multiview-12-ipad_5/images/028.jpg,school_bus/multiview-12-ipad_5/images/029.jpg,51.017605,val,val,ipad_5,ipad_5
257,soldier_wood_showpiece,multiview-01-pixel_4a,multiview-01-pixel_4a,soldier_wood_showpiece/multiview-01-pixel_4a/images/021.jpg,soldier_wood_showpiece/multiview-01-pixel_4a/images/024.jpg,78.515039,val,val,pixel_4a,pixel_4a
258,steps_small_showpiece,multiview-03-pixel_6pro,multiview-03-pixel_6pro,steps_small_showpiece/multiview-03-pixel_6pro/images/016.jpg,steps_small_showpiece/multiview-03-pixel_6pro/images/019.jpg,57.115911,val,val,pixel_6pro,pixel_6pro
259,tractor_green_showpiece,multiview-02-pixel_6pro,multiview-02-pixel_6pro,tractor_green_showpiece/multiview-02-pixel_6pro/images/016.jpg,tractor_green_showpiece/multiview-02-pixel_6pro/images/019.jpg,84.799637,val,val,pixel_6pro,pixel_6pro
260,tumbler_air_balloon,multiview-00-pixel_4a,multiview-00-pixel_4a,tumbler_air_balloon/multiview-00-pixel_4a/images/017.jpg,tumbler_air_balloon/multiview-00-pixel_4a/images/018.jpg,60.737532,val,val,pixel_4a,pixel_4a
261,water_gun_toy_white,multiview-02-pixel_6pro,multiview-02-pixel_6pro,water_gun_toy_white/multiview-02-pixel_6pro/images/017.jpg,water_gun_toy_white/multiview-02-pixel_6pro/images/019.jpg,56.909093,val,val,pixel_6pro,pixel_6pro
262,water_gun_toy_yellow,multiview-02-pixel_6pro,multiview-02-pixel_6pro,water_gun_toy_yellow/multiview-02-pixel_6pro/images/016.jpg,water_gun_toy_yellow/multiview-02-pixel_6pro/images/018.jpg,58.739575,val,val,pixel_6pro,pixel_6pro
263,weisshai_great_white_shark,multiview-11-pixel_4xl,multiview-11-pixel_4xl,weisshai_great_white_shark/multiview-11-pixel_4xl/images/048.jpg,weisshai_great_white_shark/multiview-11-pixel_4xl/images/051.jpg,86.732158,val,val,pixel_4xl,pixel_4xl
264,3d_dollhouse_sink,multiview-07-canon_t4i,multiview-07-canon_t4i,3d_dollhouse_sink/multiview-07-canon_t4i/images/035.jpg,3d_dollhouse_sink/multiview-07-canon_t4i/images/039.jpg,56.761793,val,val,canon_t4i,canon_t4i
265,bottle_vitamin_d_tablets,multiview-00-pixel_4a,multiview-00-pixel_4a,bottle_vitamin_d_tablets/multiview-00-pixel_4a/images/022.jpg,bottle_vitamin_d_tablets/multiview-00-pixel_4a/images/024.jpg,55.551493,val,val,pixel_4a,pixel_4a
266,box_multi_door_colored,multiview-03-pixel_6pro,multiview-03-pixel_6pro,box_multi_door_colored/multiview-03-pixel_6pro/images/022.jpg,box_multi_door_colored/multiview-03-pixel_6pro/images/024.jpg,54.366457,val,val,pixel_6pro,pixel_6pro
267,bunny_racer,multiview-13-pixel_7,multiview-13-pixel_7,bunny_racer/multiview-13-pixel_7/images/033.jpg,bunny_racer/multiview-13-pixel_7/images/039.jpg,82.616777,val,val,pixel_7,pixel_7
268,chicken_racer,multiview-03-pixel_5,multiview-03-pixel_5,chicken_racer/multiview-03-pixel_5/images/009.jpg,chicken_racer/multiview-03-pixel_5/images/010.jpg,70.258686,val,val,pixel_5,pixel_5
269,circo_fish_toothbrush_holder_14995988,multiview-13-canon_t4i,multiview-13-canon_t4i,circo_fish_toothbrush_holder_14995988/multiview-13-canon_t4i/images/025.jpg,circo_fish_toothbrush_holder_14995988/multiview-13-canon_t4i/images/033.jpg,71.804165,val,val,canon_t4i,canon_t4i
270,dino_4,multiview-09-ipad_5,multiview-09-ipad_5,dino_4/multiview-09-ipad_5/images/045.jpg,dino_4/multiview-09-ipad_5/images/061.jpg,60.58835,val,val,ipad_5,ipad_5
271,dino_5,multiview-13-pixel_7,multiview-13-pixel_7,dino_5/multiview-13-pixel_7/images/033.jpg,dino_5/multiview-13-pixel_7/images/034.jpg,79.587336,val,val,pixel_7,pixel_7
272,duck_bath_yellow_s,multiview-03-pixel_6pro,multiview-03-pixel_6pro,duck_bath_yellow_s/multiview-03-pixel_6pro/images/017.jpg,duck_bath_yellow_s/multiview-03-pixel_6pro/images/018.jpg,56.669315,val,val,pixel_6pro,pixel_6pro
273,fire_engine_toy_red_yellow_s,multiview-03-pixel_6pro,multiview-03-pixel_6pro,fire_engine_toy_red_yellow_s/multiview-03-pixel_6pro/images/021.jpg,fire_engine_toy_red_yellow_s/multiview-03-pixel_6pro/images/023.jpg,50.696433,val,val,pixel_6pro,pixel_6pro
274,garbage_truck_green_toy_s,multiview-00-pixel_4a,multiview-00-pixel_4a,garbage_truck_green_toy_s/multiview-00-pixel_4a/images/022.jpg,garbage_truck_green_toy_s/multiview-00-pixel_4a/images/024.jpg,82.54902,val,val,pixel_4a,pixel_4a
275,hand_drill_cordless_blue_black,multiview-04-pixel_6pro,multiview-04-pixel_6pro,hand_drill_cordless_blue_black/multiview-04-pixel_6pro/images/019.jpg,hand_drill_cordless_blue_black/multiview-04-pixel_6pro/images/021.jpg,80.93345,val,val,pixel_6pro,pixel_6pro
276,hut_mushrooms_showpiece,multiview-01-pixel_4a,multiview-01-pixel_4a,hut_mushrooms_showpiece/multiview-01-pixel_4a/images/017.jpg,hut_mushrooms_showpiece/multiview-01-pixel_4a/images/018.jpg,73.372196,val,val,pixel_4a,pixel_4a
277,keywest_showpiece_s,multiview-03-pixel_6pro,multiview-03-pixel_6pro,keywest_showpiece_s/multiview-03-pixel_6pro/images/021.jpg,keywest_showpiece_s/multiview-03-pixel_6pro/images/022.jpg,62.704939,val,val,pixel_6pro,pixel_6pro
278,remote_control_toy_car_s,multiview-00-pixel_4a,multiview-00-pixel_4a,remote_control_toy_car_s/multiview-00-pixel_4a/images/020.jpg,remote_control_toy_car_s/multiview-00-pixel_4a/images/021.jpg,60.516131,val,val,pixel_4a,pixel_4a
279,schleich_african_black_rhino,multiview-09-canon_t4i,multiview-09-canon_t4i,schleich_african_black_rhino/multiview-09-canon_t4i/images/029.jpg,schleich_african_black_rhino/multiview-09-canon_t4i/images/032.jpg,55.546537,val,val,canon_t4i,canon_t4i
280,schleich_bald_eagle,multiview-08-canon_t4i,multiview-08-canon_t4i,schleich_bald_eagle/multiview-08-canon_t4i/images/031.jpg,schleich_bald_eagle/multiview-08-canon_t4i/images/032.jpg,54.249692,val,val,canon_t4i,canon_t4i
281,schleich_hereford_bull,multiview-06-ipad_5,multiview-06-ipad_5,schleich_hereford_bull/multiview-06-ipad_5/images/030.jpg,schleich_hereford_bull/multiview-06-ipad_5/images/032.jpg,80.165758,val,val,ipad_5,ipad_5
282,schleich_lion_action_figure,multiview-00-pixel_5,multiview-00-pixel_5,schleich_lion_action_figure/multiview-00-pixel_5/images/004.jpg,schleich_lion_action_figure/multiview-00-pixel_5/images/005.jpg,63.181971,val,val,pixel_5,pixel_5
283,schleich_spinosaurus_action_figure,multiview-10-canon_t4i,multiview-10-canon_t4i,schleich_spinosaurus_action_figure/multiview-10-canon_t4i/images/047.jpg,schleich_spinosaurus_action_figure/multiview-10-canon_t4i/images/050.jpg,83.101357,val,val,canon_t4i,canon_t4i
284,school_bus,multiview-10-canon_t4i,multiview-10-canon_t4i,school_bus/multiview-10-canon_t4i/images/030.jpg,school_bus/multiview-10-canon_t4i/images/033.jpg,69.327536,val,val,canon_t4i,canon_t4i
285,soldier_wood_showpiece,multiview-03-pixel_6pro,multiview-03-pixel_6pro,soldier_wood_showpiece/multiview-03-pixel_6pro/images/020.jpg,soldier_wood_showpiece/multiview-03-pixel_6pro/images/024.jpg,85.358556,val,val,pixel_6pro,pixel_6pro
286,steps_small_showpiece,multiview-03-pixel_6pro,multiview-03-pixel_6pro,steps_small_showpiece/multiview-03-pixel_6pro/images/018.jpg,steps_small_showpiece/multiview-03-pixel_6pro/images/019.jpg,85.905434,val,val,pixel_6pro,pixel_6pro
287,tumbler_air_balloon,multiview-02-pixel_6pro,multiview-02-pixel_6pro,tumbler_air_balloon/multiview-02-pixel_6pro/images/016.jpg,tumbler_air_balloon/multiview-02-pixel_6pro/images/017.jpg,56.637923,val,val,pixel_6pro,pixel_6pro
288,water_gun_toy_yellow,multiview-01-pixel_4a,multiview-01-pixel_4a,water_gun_toy_yellow/multiview-01-pixel_4a/images/016.jpg,water_gun_toy_yellow/multiview-01-pixel_4a/images/019.jpg,59.927906,val,val,pixel_4a,pixel_4a
289,weisshai_great_white_shark,multiview-11-pixel_4xl,multiview-11-pixel_4xl,weisshai_great_white_shark/multiview-11-pixel_4xl/images/047.jpg,weisshai_great_white_shark/multiview-11-pixel_4xl/images/053.jpg,83.206911,val,val,pixel_4xl,pixel_4xl
290,3d_dollhouse_sink,multiview-06-pixel_7,multiview-06-pixel_7,3d_dollhouse_sink/multiview-06-pixel_7/images/028.jpg,3d_dollhouse_sink/multiview-06-pixel_7/images/034.jpg,89.076387,val,val,pixel_7,pixel_7
291,box_multi_door_colored,multiview-04-pixel_6pro,multiview-04-pixel_6pro,box_multi_door_colored/multiview-04-pixel_6pro/images/019.jpg,box_multi_door_colored/multiview-04-pixel_6pro/images/023.jpg,62.981512,val,val,pixel_6pro,pixel_6pro
292,bunny_racer,multiview-13-canon_t4i,multiview-13-canon_t4i,bunny_racer/multiview-13-canon_t4i/images/026.jpg,bunny_racer/multiview-13-canon_t4i/images/033.jpg,83.959161,val,val,canon_t4i,canon_t4i
293,chicken_racer,multiview-12-ipad_5,multiview-12-ipad_5,chicken_racer/multiview-12-ipad_5/images/034.jpg,chicken_racer/multiview-12-ipad_5/images/035.jpg,55.751539,val,val,ipad_5,ipad_5
294,circo_fish_toothbrush_holder_14995988,multiview-15-pixel_7,multiview-15-pixel_7,circo_fish_toothbrush_holder_14995988/multiview-15-pixel_7/images/124.jpg,circo_fish_toothbrush_holder_14995988/multiview-15-pixel_7/images/153.jpg,84.656592,val,val,pixel_7,pixel_7
295,dino_4,multiview-09-sony_a7iv,multiview-09-sony_a7iv,dino_4/multiview-09-sony_a7iv/images/042.jpg,dino_4/multiview-09-sony_a7iv/images/044.jpg,71.047745,val,val,sony_a7iv,sony_a7iv
296,dino_5,multiview-09-pixel_5,multiview-09-pixel_5,dino_5/multiview-09-pixel_5/images/030.jpg,dino_5/multiview-09-pixel_5/images/035.jpg,51.243923,val,val,pixel_5,pixel_5
297,duck_bath_yellow_s,multiview-01-pixel_4a,multiview-01-pixel_4a,duck_bath_yellow_s/multiview-01-pixel_4a/images/015.jpg,duck_bath_yellow_s/multiview-01-pixel_4a/images/016.jpg,60.809836,val,val,pixel_4a,pixel_4a
298,fire_engine_toy_red_yellow_s,multiview-04-pixel_6pro,multiview-04-pixel_6pro,fire_engine_toy_red_yellow_s/multiview-04-pixel_6pro/images/019.jpg,fire_engine_toy_red_yellow_s/multiview-04-pixel_6pro/images/020.jpg,89.573126,val,val,pixel_6pro,pixel_6pro
299,garbage_truck_green_toy_s,multiview-03-pixel_6pro,multiview-03-pixel_6pro,garbage_truck_green_toy_s/multiview-03-pixel_6pro/images/022.jpg,garbage_truck_green_toy_s/multiview-03-pixel_6pro/images/024.jpg,76.596953,val,val,pixel_6pro,pixel_6pro
