pair_idx,object_id,scene_a,scene_b,rel_a,rel_b,yaw_diff_deg,rot_err_deg,trans_dir_err_deg
0,3d_dollhouse_sink,multiview-07-pixel_7,multiview-07-pixel_7,3d_dollhouse_sink/multiview-07-pixel_7/images/032.jpg,3d_dollhouse_sink/multiview-07-pixel_7/images/033.jpg,68.422476,1.2270776171754454,0.566144540564261
1,bottle_vitamin_d_tablets,multiview-04-pixel_6pro,multiview-04-pixel_6pro,bottle_vitamin_d_tablets/multiview-04-pixel_6pro/images/020.jpg,bottle_vitamin_d_tablets/multiview-04-pixel_6pro/images/021.jpg,68.708133,4.36213767234655,2.4979570478957687
2,box_multi_door_colored,multiview-04-pixel_6pro,multiview-04-pixel_6pro,box_multi_door_colored/multiview-04-pixel_6pro/images/019.jpg,box_multi_door_colored/multiview-04-pixel_6pro/images/021.jpg,75.343656,4.103794467620418,2.3222004942661423
3,bunny_racer,multiview-07-ipad_4,multiview-07-ipad_4,bunny_racer/multiview-07-ipad_4/images/016.jpg,bunny_racer/multiview-07-ipad_4/images/018.jpg,79.238085,3.219142100717921,3.260721044713432
4,can_kernel_corn,multiview-04-pixel_6pro,multiview-04-pixel_6pro,can_kernel_corn/multiview-04-pixel_6pro/images/020.jpg,can_kernel_corn/multiview-04-pixel_6pro/images/024.jpg,50.253115,9.317869029184575,3.060663075401953
5,chicken_racer,multiview-11-pixel_5,multiview-11-pixel_5,chicken_racer/multiview-11-pixel_5/images/033.jpg,chicken_racer/multiview-11-pixel_5/images/036.jpg,69.643321,3.448077776642559,1.2947662643664588
6,circo_fish_toothbrush_holder_14995988,multiview-15-canon_t4i,multiview-15-canon_t4i,circo_fish_toothbrush_holder_14995988/multiview-15-canon_t4i/images/155.jpg,circo_fish_toothbrush_holder_14995988/multiview-15-canon_t4i/images/177.jpg,62.994617,4.067503573154094,1.4434556049565808
7,dino_4,multiview-10-pixel_4xl,multiview-10-pixel_4xl,dino_4/multiview-10-pixel_4xl/images/040.jpg,dino_4/multiview-10-pixel_4xl/images/050.jpg,73.294828,3.105683520739606,4.781723150803637
8,dino_5,multiview-12-pixel_7,multiview-12-pixel_7,dino_5/multiview-12-pixel_7/images/040.jpg,dino_5/multiview-12-pixel_7/images/042.jpg,82.682462,3.0706643079301097,0.7796059668062183
9,duck_bath_yellow_s,multiview-00-pixel_4a,multiview-00-pixel_4a,duck_bath_yellow_s/multiview-00-pixel_4a/images/017.jpg,duck_bath_yellow_s/multiview-00-pixel_4a/images/019.jpg,74.849497,4.2621384087384016,3.7597470653112723
10,fire_engine_toy_red_yellow_s,multiview-00-pixel_4a,multiview-00-pixel_4a,fire_engine_toy_red_yellow_s/multiview-00-pixel_4a/images/022.jpg,fire_engine_toy_red_yellow_s/multiview-00-pixel_4a/images/024.jpg,63.512715,2.310320658125366,1.1402708288533743
11,garbage_truck_green_toy_s,multiview-02-pixel_6pro,multiview-02-pixel_6pro,garbage_truck_green_toy_s/multiview-02-pixel_6pro/images/020.jpg,garbage_truck_green_toy_s/multiview-02-pixel_6pro/images/023.jpg,69.693879,3.7997842025754305,0.455755039320577
12,hand_drill_cordless_blue_black,multiview-02-pixel_6pro,multiview-02-pixel_6pro,hand_drill_cordless_blue_black/multiview-02-pixel_6pro/images/021.jpg,hand_drill_cordless_blue_black/multiview-02-pixel_6pro/images/024.jpg,81.109427,6.88245161822181,3.2409917121268434
13,hut_mushrooms_showpiece,multiview-01-pixel_4a,multiview-01-pixel_4a,hut_mushrooms_showpiece/multiview-01-pixel_4a/images/018.jpg,hut_mushrooms_showpiece/multiview-01-pixel_4a/images/019.jpg,85.315625,2.07540457850957,2.4163261096906106
14,ice_cream_cart_showpiece,multiview-01-pixel_4a,multiview-01-pixel_4a,ice_cream_cart_showpiece/multiview-01-pixel_4a/images/016.jpg,ice_cream_cart_showpiece/multiview-01-pixel_4a/images/018.jpg,82.741981,3.4279346282189413,1.6078446258469516
15,keywest_showpiece_s,multiview-00-pixel_6pro,multiview-00-pixel_6pro,keywest_showpiece_s/multiview-00-pixel_6pro/images/022.jpg,keywest_showpiece_s/multiview-00-pixel_6pro/images/024.jpg,52.953451,2.559756220821506,1.7974163096247116
16,paper_weight_flowers_showpiece,multiview-01-pixel_4a,multiview-01-pixel_4a,paper_weight_flowers_showpiece/multiview-01-pixel_4a/images/018.jpg,paper_weight_flowers_showpiece/multiview-01-pixel_4a/images/019.jpg,79.209811,3.82235339501894,1.782599830865546
17,pumpkin_showpiece_s,multiview-02-pixel_6pro,multiview-02-pixel_6pro,pumpkin_showpiece_s/multiview-02-pixel_6pro/images/015.jpg,pumpkin_showpiece_s/multiview-02-pixel_6pro/images/018.jpg,59.007279,4.481335798350049,3.9836899828536816
18,remote_control_toy_car_s,multiview-04-pixel_6pro,multiview-04-pixel_6pro,remote_control_toy_car_s/multiview-04-pixel_6pro/images/022.jpg,remote_control_toy_car_s/multiview-04-pixel_6pro/images/024.jpg,83.49675,0.0,1.270277536697493
19,schleich_african_black_rhino,multiview-10-ipad_5,multiview-10-ipad_5,schleich_african_black_rhino/multiview-10-ipad_5/images/033.jpg,schleich_african_black_rhino/multiview-10-ipad_5/images/034.jpg,65.70664,5.260294090993957,4.200166803346058
20,schleich_bald_eagle,multiview-11-pixel_7,multiview-11-pixel_7,schleich_bald_eagle/multiview-11-pixel_7/images/043.jpg,schleich_bald_eagle/multiview-11-pixel_7/images/045.jpg,73.571929,2.410770051004723,1.3202850926467153
21,schleich_hereford_bull,multiview-04-pixel_4xl,multiview-04-pixel_4xl,schleich_hereford_bull/multiview-04-pixel_4xl/images/034.jpg,schleich_hereford_bull/multiview-04-pixel_4xl/images/038.jpg,82.137135,3.892470027946624,4.357436001826917
22,schleich_lion_action_figure,multiview-08-ipad_5,multiview-08-ipad_5,schleich_lion_action_figure/multiview-08-ipad_5/images/031.jpg,schleich_lion_action_figure/multiview-08-ipad_5/images/034.jpg,75.959707,2.4324665957230613,1.4045812708965375
23,schleich_spinosaurus_action_figure,multiview-10-canon_t4i,multiview-10-canon_t4i,schleich_spinosaurus_action_figure/multiview-10-canon_t4i/images/044.jpg,schleich_spinosaurus_action_figure/multiview-10-canon_t4i/images/051.jpg,83.925442,10.46543431392586,11.704873575489392
24,school_bus,multiview-10-pixel_5,multiview-10-pixel_5,school_bus/multiview-10-pixel_5/images/030.jpg,school_bus/multiview-10-pixel_5/images/031.jpg,54.471683,1.137394473945284,0.43897820213725974
25,soldier_wood_showpiece,multiview-02-pixel_6pro,multiview-02-pixel_6pro,soldier_wood_showpiece/multiview-02-pixel_6pro/images/021.jpg,soldier_wood_showpiece/multiview-02-pixel_6pro/images/022.jpg,60.489892,2.754869185395481,2.738392473522366
26,steps_small_showpiece,multiview-04-pixel_6pro,multiview-04-pixel_6pro,steps_small_showpiece/multiview-04-pixel_6pro/images/017.jpg,steps_small_showpiece/multiview-04-pixel_6pro/images/019.jpg,69.718462,0.0,7.2748378480997244
27,tractor_green_showpiece,multiview-03-pixel_6pro,multiview-03-pixel_6pro,tractor_green_showpiece/multiview-03-pixel_6pro/images/018.jpg,tractor_green_showpiece/multiview-03-pixel_6pro/images/019.jpg,60.175023,8.30328369371726,5.384756617567233
28,tumbler_air_balloon,multiview-00-pixel_4a,multiview-00-pixel_4a,tumbler_air_balloon/multiview-00-pixel_4a/images/015.jpg,tumbler_air_balloon/multiview-00-pixel_4a/images/016.jpg,73.544228,2.4779239419089847,1.848753823293906
29,water_gun_toy_green,multiview-00-pixel_4a,multiview-00-pixel_4a,water_gun_toy_green/multiview-00-pixel_4a/images/011.jpg,water_gun_toy_green/multiview-00-pixel_4a/images/012.jpg,55.929093,6.1925787836926,2.476471518008878
30,water_gun_toy_white,multiview-02-pixel_6pro,multiview-02-pixel_6pro,water_gun_toy_white/multiview-02-pixel_6pro/images/016.jpg,water_gun_toy_white/multiview-02-pixel_6pro/images/019.jpg,69.948155,14.162680814640941,8.67802656593633
31,water_gun_toy_yellow,multiview-00-pixel_4a,multiview-00-pixel_4a,water_gun_toy_yellow/multiview-00-pixel_4a/images/014.jpg,water_gun_toy_yellow/multiview-00-pixel_4a/images/015.jpg,88.156121,5.207901873243882,2.895371708661933
32,weisshai_great_white_shark,multiview-07-pixel_5,multiview-07-pixel_5,weisshai_great_white_shark/multiview-07-pixel_5/images/054.jpg,weisshai_great_white_shark/multiview-07-pixel_5/images/055.jpg,61.602111,0.08340340514041573,1.2361535444975418
33,welcome_sign_mushrooms,multiview-04-pixel_6pro,multiview-04-pixel_6pro,welcome_sign_mushrooms/multiview-04-pixel_6pro/images/016.jpg,welcome_sign_mushrooms/multiview-04-pixel_6pro/images/017.jpg,55.099904,4.099003753855654,5.10576954764323
34,well_with_leaf_roof_showpiece,multiview-01-pixel_4a,multiview-01-pixel_4a,well_with_leaf_roof_showpiece/multiview-01-pixel_4a/images/016.jpg,well_with_leaf_roof_showpiece/multiview-01-pixel_4a/images/018.jpg,62.740233,3.178518548363434,0.818883284985113
35,3d_dollhouse_sink,multiview-04-pixel_4xl,multiview-04-pixel_4xl,3d_dollhouse_sink/multiview-04-pixel_4xl/images/028.jpg,3d_dollhouse_sink/multiview-04-pixel_4xl/images/029.jpg,66.370009,2.7617237019322802,2.2550483314341423
36,bottle_vitamin_d_tablets,multiview-02-pixel_6pro,multiview-02-pixel_6pro,bottle_vitamin_d_tablets/multiview-02-pixel_6pro/images/020.jpg,bottle_vitamin_d_tablets/multiview-02-pixel_6pro/images/023.jpg,55.169884,0.40151861375479325,1.2192890271430163
37,box_multi_door_colored,multiview-03-pixel_6pro,multiview-03-pixel_6pro,box_multi_door_colored/multiview-03-pixel_6pro/images/022.jpg,box_multi_door_colored/multiview-03-pixel_6pro/images/023.jpg,61.920434,3.3916842606130624,1.8370484044033473
38,bunny_racer,multiview-13-canon_t4i,multiview-13-canon_t4i,bunny_racer/multiview-13-canon_t4i/images/024.jpg,bunny_racer/multiview-13-canon_t4i/images/027.jpg,51.36291,2.453306279049196,1.3780514375030375
39,can_kernel_corn,multiview-03-pixel_6pro,multiview-03-pixel_6pro,can_kernel_corn/multiview-03-pixel_6pro/images/022.jpg,can_kernel_corn/multiview-03-pixel_6pro/images/023.jpg,73.949668,0.0,1.5168436634665043
40,chicken_racer,multiview-12-pixel_5,multiview-12-pixel_5,chicken_racer/multiview-12-pixel_5/images/024.jpg,chicken_racer/multiview-12-pixel_5/images/027.jpg,55.30026,3.1224225974284465,2.4687567486523547
41,circo_fish_toothbrush_holder_14995988,multiview-15-pixel_7,multiview-15-pixel_7,circo_fish_toothbrush_holder_14995988/multiview-15-pixel_7/images/123.jpg,circo_fish_toothbrush_holder_14995988/multiview-15-pixel_7/images/137.jpg,75.692816,1.6310879879735962,0.9685423747430595
42,dino_4,multiview-09-ipad_5,multiview-09-ipad_5,dino_4/multiview-09-ipad_5/images/043.jpg,dino_4/multiview-09-ipad_5/images/050.jpg,87.509858,2.239946797935843,2.943695270017251
43,dino_5,multiview-09-pixel_5,multiview-09-pixel_5,dino_5/multiview-09-pixel_5/images/030.jpg,dino_5/multiview-09-pixel_5/images/031.jpg,73.848037,6.973417200002812,3.270027261271192
44,duck_bath_yellow_s,multiview-02-pixel_6pro,multiview-02-pixel_6pro,duck_bath_yellow_s/multiview-02-pixel_6pro/images/018.jpg,duck_bath_yellow_s/multiview-02-pixel_6pro/images/019.jpg,60.817333,5.022806767763254,3.5999211914465623
45,fire_engine_toy_red_yellow_s,multiview-01-pixel_4a,multiview-01-pixel_4a,fire_engine_toy_red_yellow_s/multiview-01-pixel_4a/images/020.jpg,fire_engine_toy_red_yellow_s/multiview-01-pixel_4a/images/023.jpg,63.38283,2.522388690857941,3.65855175558616
46,garbage_truck_green_toy_s,multiview-03-pixel_6pro,multiview-03-pixel_6pro,garbage_truck_green_toy_s/multiview-03-pixel_6pro/images/020.jpg,garbage_truck_green_toy_s/multiview-03-pixel_6pro/images/024.jpg,76.866624,3.8333674572001377,2.812301969394737
47,hand_drill_cordless_blue_black,multiview-00-pixel_6pro,multiview-00-pixel_6pro,hand_drill_cordless_blue_black/multiview-00-pixel_6pro/images/021.jpg,hand_drill_cordless_blue_black/multiview-00-pixel_6pro/images/024.jpg,88.556916,5.206947211311394,2.679935882170418
48,hut_mushrooms_showpiece,multiview-00-pixel_4a,multiview-00-pixel_4a,hut_mushrooms_showpiece/multiview-00-pixel_4a/images/018.jpg,hut_mushrooms_showpiece/multiview-00-pixel_4a/images/019.jpg,77.849423,0.6169339487202629,1.1820044899476894
49,ice_cream_cart_showpiece,multiview-04-pixel_6pro,multiview-04-pixel_6pro,ice_cream_cart_showpiece/multiview-04-pixel_6pro/images/016.jpg,ice_cream_cart_showpiece/multiview-04-pixel_6pro/images/017.jpg,66.073608,3.7703248493418116,3.592500244316981
50,keywest_showpiece_s,multiview-03-pixel_6pro,multiview-03-pixel_6pro,keywest_showpiece_s/multiview-03-pixel_6pro/images/020.jpg,keywest_showpiece_s/multiview-03-pixel_6pro/images/024.jpg,56.530774,1.599760482904306,1.9491752804949936
51,paper_weight_flowers_showpiece,multiview-02-pixel_6pro,multiview-02-pixel_6pro,paper_weight_flowers_showpiece/multiview-02-pixel_6pro/images/016.jpg,paper_weight_flowers_showpiece/multiview-02-pixel_6pro/images/017.jpg,68.122721,5.576500001536652,2.5759692142699415
52,pumpkin_showpiece_s,multiview-02-pixel_6pro,multiview-02-pixel_6pro,pumpkin_showpiece_s/multiview-02-pixel_6pro/images/017.jpg,pumpkin_showpiece_s/multiview-02-pixel_6pro/images/018.jpg,80.005202,4.8396800092494106,3.661872728983632
53,remote_control_toy_car_s,multiview-00-pixel_4a,multiview-00-pixel_4a,remote_control_toy_car_s/multiview-00-pixel_4a/images/021.jpg,remote_control_toy_car_s/multiview-00-pixel_4a/images/022.jpg,60.351562,2.5771865105221567,2.92014753655686
54,schleich_african_black_rhino,multiview-09-canon_t4i,multiview-09-canon_t4i,schleich_african_black_rhino/multiview-09-canon_t4i/images/028.jpg,schleich_african_black_rhino/multiview-09-canon_t4i/images/032.jpg,86.720118,7.181828524360381,7.4935437110931655
55,schleich_bald_eagle,multiview-10-canon_t4i,multiview-10-canon_t4i,schleich_bald_eagle/multiview-10-canon_t4i/images/020.jpg,schleich_bald_eagle/multiview-10-canon_t4i/images/027.jpg,85.861325,1.1799411234683292,1.435647800694659
56,schleich_hereford_bull,multiview-00-ipad_4,multiview-00-ipad_4,schleich_hereford_bull/multiview-00-ipad_4/images/012.jpg,schleich_hereford_bull/multiview-00-ipad_4/images/013.jpg,51.031617,3.01441183586507,1.6692132620062425
57,schleich_lion_action_figure,multiview-11-ipad_5,multiview-11-ipad_5,schleich_lion_action_figure/multiview-11-ipad_5/images/029.jpg,schleich_lion_action_figure/multiview-11-ipad_5/images/031.jpg,53.983451,6.580023900150735,5.7147336415969034
58,schleich_spinosaurus_action_figure,multiview-10-pixel_7,multiview-10-pixel_7,schleich_spinosaurus_action_figure/multiview-10-pixel_7/images/040.jpg,schleich_spinosaurus_action_figure/multiview-10-pixel_7/images/045.jpg,61.834407,2.1932079371787743,3.1657485869857154
59,school_bus,multiview-10-pixel_5,multiview-10-pixel_5,school_bus/multiview-10-pixel_5/images/032.jpg,school_bus/multiview-10-pixel_5/images/033.jpg,55.249221,1.9496871952622008,2.8397718048461456
60,soldier_wood_showpiece,multiview-02-pixel_6pro,multiview-02-pixel_6pro,soldier_wood_showpiece/multiview-02-pixel_6pro/images/023.jpg,soldier_wood_showpiece/multiview-02-pixel_6pro/images/024.jpg,71.549185,3.270019509348855,1.3061729750513047
61,steps_small_showpiece,multiview-00-pixel_4a,multiview-00-pixel_4a,steps_small_showpiece/multiview-00-pixel_4a/images/016.jpg,steps_small_showpiece/multiview-00-pixel_4a/images/019.jpg,80.15183,7.122517341475814,2.793259803671446
62,tractor_green_showpiece,multiview-02-pixel_6pro,multiview-02-pixel_6pro,tractor_green_showpiece/multiview-02-pixel_6pro/images/016.jpg,tractor_green_showpiece/multiview-02-pixel_6pro/images/017.jpg,88.431623,4.17833108408648,3.84359734125749
63,tumbler_air_balloon,multiview-03-pixel_6pro,multiview-03-pixel_6pro,tumbler_air_balloon/multiview-03-pixel_6pro/images/012.jpg,tumbler_air_balloon/multiview-03-pixel_6pro/images/013.jpg,76.504434,4.509656343343393,4.349093842553505
64,water_gun_toy_white,multiview-00-pixel_4a,multiview-00-pixel_4a,water_gun_toy_white/multiview-00-pixel_4a/images/016.jpg,water_gun_toy_white/multiview-00-pixel_4a/images/019.jpg,85.35416,2.889623736800097,1.084263558371384
65,water_gun_toy_yellow,multiview-02-pixel_6pro,multiview-02-pixel_6pro,water_gun_toy_yellow/multiview-02-pixel_6pro/images/015.jpg,water_gun_toy_yellow/multiview-02-pixel_6pro/images/017.jpg,79.026047,7.503172481474963,2.9582662052945046
66,weisshai_great_white_shark,multiview-09-sony_a7iv,multiview-09-sony_a7iv,weisshai_great_white_shark/multiview-09-sony_a7iv/images/042.jpg,weisshai_great_white_shark/multiview-09-sony_a7iv/images/045.jpg,89.809133,2.83917705010975,4.423403964529809
67,welcome_sign_mushrooms,multiview-02-pixel_6pro,multiview-02-pixel_6pro,welcome_sign_mushrooms/multiview-02-pixel_6pro/images/016.jpg,welcome_sign_mushrooms/multiview-02-pixel_6pro/images/019.jpg,82.987277,2.803359403321908,2.365803305525031
68,well_with_leaf_roof_showpiece,multiview-03-pixel_6pro,multiview-03-pixel_6pro,well_with_leaf_roof_showpiece/multiview-03-pixel_6pro/images/017.jpg,well_with_leaf_roof_showpiece/multiview-03-pixel_6pro/images/018.jpg,66.349995,2.021333439660097,1.4930362274974696
69,3d_dollhouse_sink,multiview-05-pixel_5,multiview-05-pixel_5,3d_dollhouse_sink/multiview-05-pixel_5/images/025.jpg,3d_dollhouse_sink/multiview-05-pixel_5/images/029.jpg,50.673644,3.7396657797934565,4.492338054847374
70,bottle_vitamin_d_tablets,multiview-00-pixel_4a,multiview-00-pixel_4a,bottle_vitamin_d_tablets/multiview-00-pixel_4a/images/023.jpg,bottle_vitamin_d_tablets/multiview-00-pixel_4a/images/024.jpg,57.985846,2.3666835689583063,0.4716689955017925
71,box_multi_door_colored,multiview-04-pixel_6pro,multiview-04-pixel_6pro,box_multi_door_colored/multiview-04-pixel_6pro/images/020.jpg,box_multi_door_colored/multiview-04-pixel_6pro/images/021.jpg,72.494275,1.3554435735978398,1.528305247429865
72,bunny_racer,multiview-12-pixel_7,multiview-12-pixel_7,bunny_racer/multiview-12-pixel_7/images/034.jpg,bunny_racer/multiview-12-pixel_7/images/037.jpg,73.219386,1.2430658849874596,0.5864769156288732
73,can_kernel_corn,multiview-04-pixel_6pro,multiview-04-pixel_6pro,can_kernel_corn/multiview-04-pixel_6pro/images/023.jpg,can_kernel_corn/multiview-04-pixel_6pro/images/024.jpg,70.213813,9.586547968891093,3.998289341169621
74,chicken_racer,multiview-09-pixel_4xl,multiview-09-pixel_4xl,chicken_racer/multiview-09-pixel_4xl/images/027.jpg,chicken_racer/multiview-09-pixel_4xl/images/032.jpg,54.16271,2.3100822291630454,2.2342811062075856
75,circo_fish_toothbrush_holder_14995988,multiview-15-pixel_7,multiview-15-pixel_7,circo_fish_toothbrush_holder_14995988/multiview-15-pixel_7/images/132.jpg,circo_fish_toothbrush_holder_14995988/multiview-15-pixel_7/images/142.jpg,77.916634,3.0013857608287173,2.5138800704057256
76,dino_4,multiview-07-sony_a7iv,multiview-07-sony_a7iv,dino_4/multiview-07-sony_a7iv/images/029.jpg,dino_4/multiview-07-sony_a7iv/images/033.jpg,57.411893,2.205237097928547,4.815127012281545
77,dino_5,multiview-13-canon_t4i,multiview-13-canon_t4i,dino_5/multiview-13-canon_t4i/images/039.jpg,dino_5/multiview-13-canon_t4i/images/048.jpg,79.526775,2.1339394600422836,0.8720999852103457
78,duck_bath_yellow_s,multiview-02-pixel_6pro,multiview-02-pixel_6pro,duck_bath_yellow_s/multiview-02-pixel_6pro/images/017.jpg,duck_bath_yellow_s/multiview-02-pixel_6pro/images/018.jpg,77.499659,8.598614592914737,3.5042022170494977
79,fire_engine_toy_red_yellow_s,multiview-03-pixel_6pro,multiview-03-pixel_6pro,fire_engine_toy_red_yellow_s/multiview-03-pixel_6pro/images/020.jpg,fire_engine_toy_red_yellow_s/multiview-03-pixel_6pro/images/023.jpg,78.415442,1.1594789019046918,1.0772886483325241
80,garbage_truck_green_toy_s,multiview-04-pixel_6pro,multiview-04-pixel_6pro,garbage_truck_green_toy_s/multiview-04-pixel_6pro/images/020.jpg,garbage_truck_green_toy_s/multiview-04-pixel_6pro/images/024.jpg,60.14864,1.4242192322938731,0.5915171378919007
81,hand_drill_cordless_blue_black,multiview-00-pixel_6pro,multiview-00-pixel_6pro,hand_drill_cordless_blue_black/multiview-00-pixel_6pro/images/020.jpg,hand_drill_cordless_blue_black/multiview-00-pixel_6pro/images/024.jpg,70.131762,5.127363981726811,3.1944785896140524
82,hut_mushrooms_showpiece,multiview-03-pixel_6pro,multiview-03-pixel_6pro,hut_mushrooms_showpiece/multiview-03-pixel_6pro/images/015.jpg,hut_mushrooms_showpiece/multiview-03-pixel_6pro/images/018.jpg,51.692445,4.144834949966744,4.7179673487739064
83,ice_cream_cart_showpiece,multiview-02-pixel_6pro,multiview-02-pixel_6pro,ice_cream_cart_showpiece/multiview-02-pixel_6pro/images/016.jpg,ice_cream_cart_showpiece/multiview-02-pixel_6pro/images/017.jpg,73.165574,3.026004119514518,1.061481544991913
84,keywest_showpiece_s,multiview-04-pixel_6pro,multiview-04-pixel_6pro,keywest_showpiece_s/multiview-04-pixel_6pro/images/019.jpg,keywest_showpiece_s/multiview-04-pixel_6pro/images/022.jpg,58.13713,2.2259328855017833,2.3395615562366476
85,paper_weight_flowers_showpiece,multiview-03-pixel_6pro,multiview-03-pixel_6pro,paper_weight_flowers_showpiece/multiview-03-pixel_6pro/images/016.jpg,paper_weight_flowers_showpiece/multiview-03-pixel_6pro/images/019.jpg,65.141674,8.059747082979076,5.2099211652655635
86,pumpkin_showpiece_s,multiview-02-pixel_6pro,multiview-02-pixel_6pro,pumpkin_showpiece_s/multiview-02-pixel_6pro/images/015.jpg,pumpkin_showpiece_s/multiview-02-pixel_6pro/images/016.jpg,73.891839,5.009114499331304,1.6634949877357588
87,remote_control_toy_car_s,multiview-00-pixel_4a,multiview-00-pixel_4a,remote_control_toy_car_s/multiview-00-pixel_4a/images/023.jpg,remote_control_toy_car_s/multiview-00-pixel_4a/images/024.jpg,85.316101,1.4241045652783844,1.0258963069759264
88,schleich_african_black_rhino,multiview-08-pixel_4xl,multiview-08-pixel_4xl,schleich_african_black_rhino/multiview-08-pixel_4xl/images/027.jpg,schleich_african_black_rhino/multiview-08-pixel_4xl/images/029.jpg,62.375902,6.569642588988416,2.8609483720522584
89,schleich_bald_eagle,multiview-10-canon_t4i,multiview-10-canon_t4i,schleich_bald_eagle/multiview-10-canon_t4i/images/021.jpg,schleich_bald_eagle/multiview-10-canon_t4i/images/027.jpg,69.720583,6.164550607715174,2.449003647706397
90,schleich_hereford_bull,multiview-04-pixel_4xl,multiview-04-pixel_4xl,schleich_hereford_bull/multiview-04-pixel_4xl/images/034.jpg,schleich_hereford_bull/multiview-04-pixel_4xl/images/035.jpg,58.719088,3.412514213265813,4.583876127157296
91,schleich_lion_action_figure,multiview-10-ipad_5,multiview-10-ipad_5,schleich_lion_action_figure/multiview-10-ipad_5/images/034.jpg,schleich_lion_action_figure/multiview-10-ipad_5/images/039.jpg,88.320563,2.0058957027422006,3.093323363174373
92,schleich_spinosaurus_action_figure,multiview-11-pixel_7,multiview-11-pixel_7,schleich_spinosaurus_action_figure/multiview-11-pixel_7/images/044.jpg,schleich_spinosaurus_action_figure/multiview-11-pixel_7/images/053.jpg,79.84814,1.82742874378394,2.126656513759646
93,school_bus,multiview-12-pixel_5,multiview-12-pixel_5,school_bus/multiview-12-pixel_5/images/029.jpg,school_bus/multiview-12-pixel_5/images/034.jpg,51.782036,2.555133458634157,2.511744592529199
94,soldier_wood_showpiece,multiview-03-pixel_6pro,multiview-03-pixel_6pro,soldier_wood_showpiece/multiview-03-pixel_6pro/images/022.jpg,soldier_wood_showpiece/multiview-03-pixel_6pro/images/024.jpg,73.495289,0.0,0.7572717878074594
95,steps_small_showpiece,multiview-02-pixel_6pro,multiview-02-pixel_6pro,steps_small_showpiece/multiview-02-pixel_6pro/images/016.jpg,steps_small_showpiece/multiview-02-pixel_6pro/images/018.jpg,53.265314,3.903391643445892,1.7195193946295586
96,tractor_green_showpiece,multiview-01-pixel_4a,multiview-01-pixel_4a,tractor_green_showpiece/multiview-01-pixel_4a/images/016.jpg,tractor_green_showpiece/multiview-01-pixel_4a/images/018.jpg,56.213566,5.199623456727956,2.9922309021399434
97,tumbler_air_balloon,multiview-03-pixel_6pro,multiview-03-pixel_6pro,tumbler_air_balloon/multiview-03-pixel_6pro/images/012.jpg,tumbler_air_balloon/multiview-03-pixel_6pro/images/014.jpg,52.396839,2.9557705947153994,2.3314176890012193
98,water_gun_toy_white,multiview-03-pixel_6pro,multiview-03-pixel_6pro,water_gun_toy_white/multiview-03-pixel_6pro/images/018.jpg,water_gun_toy_white/multiview-03-pixel_6pro/images/019.jpg,60.441289,8.696835429898131,5.062639831805009
99,water_gun_toy_yellow,multiview-04-pixel_6pro,multiview-04-pixel_6pro,water_gun_toy_yellow/multiview-04-pixel_6pro/images/015.jpg,water_gun_toy_yellow/multiview-04-pixel_6pro/images/017.jpg,62.941127,6.067055829690525,4.2233433799492035
100,weisshai_great_white_shark,multiview-12-ipad_5,multiview-12-ipad_5,weisshai_great_white_shark/multiview-12-ipad_5/images/030.jpg,weisshai_great_white_shark/multiview-12-ipad_5/images/031.jpg,55.684151,1.2366881526161946,0.6842264180335249
101,welcome_sign_mushrooms,multiview-00-pixel_4a,multiview-00-pixel_4a,welcome_sign_mushrooms/multiview-00-pixel_4a/images/016.jpg,welcome_sign_mushrooms/multiview-00-pixel_4a/images/017.jpg,50.087716,1.5415723612783467,3.0093069738151264
102,well_with_leaf_roof_showpiece,multiview-03-pixel_6pro,multiview-03-pixel_6pro,well_with_leaf_roof_showpiece/multiview-03-pixel_6pro/images/016.jpg,well_with_leaf_roof_showpiece/multiview-03-pixel_6pro/images/019.jpg,81.35644,6.321671937484251,1.8529217969490417
103,3d_dollhouse_sink,multiview-04-pixel_4xl,multiview-04-pixel_4xl,3d_dollhouse_sink/multiview-04-pixel_4xl/images/027.jpg,3d_dollhouse_sink/multiview-04-pixel_4xl/images/028.jpg,54.797669,2.509538086894573,2.899356449335157
104,bottle_vitamin_d_tablets,multiview-03-pixel_6pro,multiview-03-pixel_6pro,bottle_vitamin_d_tablets/multiview-03-pixel_6pro/images/021.jpg,bottle_vitamin_d_tablets/multiview-03-pixel_6pro/images/022.jpg,87.767625,2.3968912682985186,1.101295883124166
105,box_multi_door_colored,multiview-02-pixel_6pro,multiview-02-pixel_6pro,box_multi_door_colored/multiview-02-pixel_6pro/images/022.jpg,box_multi_door_colored/multiview-02-pixel_6pro/images/023.jpg,82.368233,1.130405164756131,0.9047745153448767
106,bunny_racer,multiview-10-pixel_5,multiview-10-pixel_5,bunny_racer/multiview-10-pixel_5/images/030.jpg,bunny_racer/multiview-10-pixel_5/images/031.jpg,83.410531,0.8472138921767877,0.9714165288500011
107,can_kernel_corn,multiview-03-pixel_6pro,multiview-03-pixel_6pro,can_kernel_corn/multiview-03-pixel_6pro/images/020.jpg,can_kernel_corn/multiview-03-pixel_6pro/images/023.jpg,74.997044,1.489192535810521,0.4445735791519242
108,chicken_racer,multiview-10-pixel_4xl,multiview-10-pixel_4xl,chicken_racer/multiview-10-pixel_4xl/images/025.jpg,chicken_racer/multiview-10-pixel_4xl/images/028.jpg,67.072989,1.5537227666407396,0.6538235623659935
109,circo_fish_toothbrush_holder_14995988,multiview-15-canon_t4i,multiview-15-canon_t4i,circo_fish_toothbrush_holder_14995988/multiview-15-canon_t4i/images/162.jpg,circo_fish_toothbrush_holder_14995988/multiview-15-canon_t4i/images/167.jpg,61.28429,2.2547124891548207,1.427471638595623
110,dino_4,multiview-10-pixel_4xl,multiview-10-pixel_4xl,dino_4/multiview-10-pixel_4xl/images/041.jpg,dino_4/multiview-10-pixel_4xl/images/047.jpg,77.315395,7.021010235141534,4.164435938953926
111,dino_5,multiview-09-pixel_5,multiview-09-pixel_5,dino_5/multiview-09-pixel_5/images/034.jpg,dino_5/multiview-09-pixel_5/images/035.jpg,51.126017,2.7970923079574743,3.0710798849123666
112,duck_bath_yellow_s,multiview-00-pixel_4a,multiview-00-pixel_4a,duck_bath_yellow_s/multiview-00-pixel_4a/images/016.jpg,duck_bath_yellow_s/multiview-00-pixel_4a/images/018.jpg,59.839047,6.255037080542666,3.0613681247334164
113,fire_engine_toy_red_yellow_s,multiview-00-pixel_4a,multiview-00-pixel_4a,fire_engine_toy_red_yellow_s/multiview-00-pixel_4a/images/023.jpg,fire_engine_toy_red_yellow_s/multiview-00-pixel_4a/images/024.jpg,59.680102,1.364366945464973,1.1380772566951778
114,garbage_truck_green_toy_s,multiview-02-pixel_6pro,multiview-02-pixel_6pro,garbage_truck_green_toy_s/multiview-02-pixel_6pro/images/022.jpg,garbage_truck_green_toy_s/multiview-02-pixel_6pro/images/023.jpg,69.610148,1.8468987452969894,1.6495563415270917
115,hand_drill_cordless_blue_black,multiview-00-pixel_6pro,multiview-00-pixel_6pro,hand_drill_cordless_blue_black/multiview-00-pixel_6pro/images/022.jpg,hand_drill_cordless_blue_black/multiview-00-pixel_6pro/images/024.jpg,54.067263,0.727062765425299,1.1822159877680072
116,hut_mushrooms_showpiece,multiview-02-pixel_6pro,multiview-02-pixel_6pro,hut_mushrooms_showpiece/multiview-02-pixel_6pro/images/017.jpg,hut_mushrooms_showpiece/multiview-02-pixel_6pro/images/018.jpg,83.653047,2.696635451279738,1.6125987319461181
117,ice_cream_cart_showpiece,multiview-04-pixel_6pro,multiview-04-pixel_6pro,ice_cream_cart_showpiece/multiview-04-pixel_6pro/images/018.jpg,ice_cream_cart_showpiece/multiview-04-pixel_6pro/images/019.jpg,55.689177,2.0450760347280923,1.956746933636259
118,keywest_showpiece_s,multiview-02-pixel_6pro,multiview-02-pixel_6pro,keywest_showpiece_s/multiview-02-pixel_6pro/images/018.jpg,keywest_showpiece_s/multiview-02-pixel_6pro/images/019.jpg,65.984275,3.5577822771706997,1.4986039707982546
119,paper_weight_flowers_showpiece,multiview-01-pixel_4a,multiview-01-pixel_4a,paper_weight_flowers_showpiece/multiview-01-pixel_4a/images/017.jpg,paper_weight_flowers_showpiece/multiview-01-pixel_4a/images/018.jpg,63.858259,3.641317584193343,2.6618122272627076
120,pumpkin_showpiece_s,multiview-01-pixel_4a,multiview-01-pixel_4a,pumpkin_showpiece_s/multiview-01-pixel_4a/images/017.jpg,pumpkin_showpiece_s/multiview-01-pixel_4a/images/018.jpg,65.727966,2.050850375143804,4.408874341416846
121,remote_control_toy_car_s,multiview-00-pixel_4a,multiview-00-pixel_4a,remote_control_toy_car_s/multiview-00-pixel_4a/images/020.jpg,remote_control_toy_car_s/multiview-00-pixel_4a/images/023.jpg,86.727285,1.617565479157372,2.0586293207063
122,schleich_african_black_rhino,multiview-08-pixel_4xl,multiview-08-pixel_4xl,schleich_african_black_rhino/multiview-08-pixel_4xl/images/025.jpg,schleich_african_black_rhino/multiview-08-pixel_4xl/images/028.jpg,75.758221,1.8339194013105136,1.4743515877023834
123,schleich_bald_eagle,multiview-11-canon_t4i,multiview-11-canon_t4i,schleich_bald_eagle/multiview-11-canon_t4i/images/037.jpg,schleich_bald_eagle/multiview-11-canon_t4i/images/040.jpg,50.444539,1.7833394947833008,1.5812421433498447
124,schleich_hereford_bull,multiview-06-ipad_5,multiview-06-ipad_5,schleich_hereford_bull/multiview-06-ipad_5/images/030.jpg,schleich_hereford_bull/multiview-06-ipad_5/images/031.jpg,89.613814,1.889815302949495,0.20753795148358725
125,schleich_lion_action_figure,multiview-05-pixel_5,multiview-05-pixel_5,schleich_lion_action_figure/multiview-05-pixel_5/images/009.jpg,schleich_lion_action_figure/multiview-05-pixel_5/images/010.jpg,74.506298,2.90784734179514,1.9871608600529806
126,schleich_spinosaurus_action_figure,multiview-10-canon_t4i,multiview-10-canon_t4i,schleich_spinosaurus_action_figure/multiview-10-canon_t4i/images/044.jpg,schleich_spinosaurus_action_figure/multiview-10-canon_t4i/images/049.jpg,53.638106,3.419538601779878,4.1898452013838465
127,school_bus,multiview-12-pixel_5,multiview-12-pixel_5,school_bus/multiview-12-pixel_5/images/030.jpg,school_bus/multiview-12-pixel_5/images/031.jpg,64.8423,4.449416098010604,4.902785377089663
128,soldier_wood_showpiece,multiview-04-pixel_6pro,multiview-04-pixel_6pro,soldier_wood_showpiece/multiview-04-pixel_6pro/images/020.jpg,soldier_wood_showpiece/multiview-04-pixel_6pro/images/024.jpg,57.200571,2.901368593835377,0.7753547380739193
129,steps_small_showpiece,multiview-01-pixel_4a,multiview-01-pixel_4a,steps_small_showpiece/multiview-01-pixel_4a/images/016.jpg,steps_small_showpiece/multiview-01-pixel_4a/images/018.jpg,63.212713,6.305429454090659,6.569197872673099
130,tractor_green_showpiece,multiview-03-pixel_6pro,multiview-03-pixel_6pro,tractor_green_showpiece/multiview-03-pixel_6pro/images/017.jpg,tractor_green_showpiece/multiview-03-pixel_6pro/images/019.jpg,75.019902,5.16257613823655,1.1846614622828107
131,tumbler_air_balloon,multiview-04-pixel_6pro,multiview-04-pixel_6pro,tumbler_air_balloon/multiview-04-pixel_6pro/images/016.jpg,tumbler_air_balloon/multiview-04-pixel_6pro/images/017.jpg,62.542055,5.324418708225685,5.660917845306439
132,water_gun_toy_white,multiview-00-pixel_4a,multiview-00-pixel_4a,water_gun_toy_white/multiview-00-pixel_4a/images/016.jpg,water_gun_toy_white/multiview-00-pixel_4a/images/018.jpg,78.605208,5.2130783998620025,2.199139762827965
133,water_gun_toy_yellow,multiview-04-pixel_6pro,multiview-04-pixel_6pro,water_gun_toy_yellow/multiview-04-pixel_6pro/images/017.jpg,water_gun_toy_yellow/multiview-04-pixel_6pro/images/018.jpg,87.945735,4.690372145061372,4.351074174515642
134,weisshai_great_white_shark,multiview-11-pixel_4xl,multiview-11-pixel_4xl,weisshai_great_white_shark/multiview-11-pixel_4xl/images/049.jpg,weisshai_great_white_shark/multiview-11-pixel_4xl/images/052.jpg,56.4505,1.0207508649755992,1.4145000753668469
135,welcome_sign_mushrooms,multiview-04-pixel_6pro,multiview-04-pixel_6pro,welcome_sign_mushrooms/multiview-04-pixel_6pro/images/018.jpg,welcome_sign_mushrooms/multiview-04-pixel_6pro/images/019.jpg,79.67627,4.6124141630769575,1.8057426734214401
136,well_with_leaf_roof_showpiece,multiview-01-pixel_4a,multiview-01-pixel_4a,well_with_leaf_roof_showpiece/multiview-01-pixel_4a/images/017.jpg,well_with_leaf_roof_showpiece/multiview-01-pixel_4a/images/018.jpg,85.080644,3.4278794428935946,3.22758513483653
137,3d_dollhouse_sink,multiview-05-pixel_5,multiview-05-pixel_5,3d_dollhouse_sink/multiview-05-pixel_5/images/029.jpg,3d_dollhouse_sink/multiview-05-pixel_5/images/033.jpg,64.431837,3.8073928208492434,2.9794116830637183
138,bottle_vitamin_d_tablets,multiview-04-pixel_6pro,multiview-04-pixel_6pro,bottle_vitamin_d_tablets/multiview-04-pixel_6pro/images/019.jpg,bottle_vitamin_d_tablets/multiview-04-pixel_6pro/images/021.jpg,60.688572,6.898802512865025,2.2145733823775204
139,box_multi_door_colored,multiview-00-pixel_4a,multiview-00-pixel_4a,box_multi_door_colored/multiview-00-pixel_4a/images/020.jpg,box_multi_door_colored/multiview-00-pixel_4a/images/023.jpg,85.476784,1.838716781733599,1.1232293795069896
140,bunny_racer,multiview-10-pixel_5,multiview-10-pixel_5,bunny_racer/multiview-10-pixel_5/images/027.jpg,bunny_racer/multiview-10-pixel_5/images/029.jpg,51.909368,3.094975399550688,2.232492607049434
141,can_kernel_corn,multiview-01-pixel_4a,multiview-01-pixel_4a,can_kernel_corn/multiview-01-pixel_4a/images/021.jpg,can_kernel_corn/multiview-01-pixel_4a/images/024.jpg,52.155221,6.239600629533283,2.877398533040204
142,chicken_racer,multiview-13-pixel_4xl,multiview-13-pixel_4xl,chicken_racer/multiview-13-pixel_4xl/images/031.jpg,chicken_racer/multiview-13-pixel_4xl/images/034.jpg,74.006001,2.3135808894236947,1.249641947035067
143,circo_fish_toothbrush_holder_14995988,multiview-15-pixel_7,multiview-15-pixel_7,circo_fish_toothbrush_holder_14995988/multiview-15-pixel_7/images/126.jpg,circo_fish_toothbrush_holder_14995988/multiview-15-pixel_7/images/137.jpg,58.316432,2.354163646507823,0.44216627344312337
144,dino_4,multiview-09-ipad_5,multiview-09-ipad_5,dino_4/multiview-09-ipad_5/images/043.jpg,dino_4/multiview-09-ipad_5/images/055.jpg,65.425138,11.548645361570054,10.08077818014253
145,dino_5,multiview-13-canon_t4i,multiview-13-canon_t4i,dino_5/multiview-13-canon_t4i/images/037.jpg,dino_5/multiview-13-canon_t4i/images/041.jpg,58.534816,6.5105150113109955,2.891727101482369
146,duck_bath_yellow_s,multiview-00-pixel_4a,multiview-00-pixel_4a,duck_bath_yellow_s/multiview-00-pixel_4a/images/018.jpg,duck_bath_yellow_s/multiview-00-pixel_4a/images/019.jpg,65.380396,8.14021459293148,2.1699157261448936
147,fire_engine_toy_red_yellow_s,multiview-02-pixel_6pro,multiview-02-pixel_6pro,fire_engine_toy_red_yellow_s/multiview-02-pixel_6pro/images/020.jpg,fire_engine_toy_red_yellow_s/multiview-02-pixel_6pro/images/023.jpg,58.588344,0.0,0.42167663767490604
148,garbage_truck_green_toy_s,multiview-00-pixel_4a,multiview-00-pixel_4a,garbage_truck_green_toy_s/multiview-00-pixel_4a/images/020.jpg,garbage_truck_green_toy_s/multiview-00-pixel_4a/images/021.jpg,80.143071,0.0,1.0130446510898814
149,hand_drill_cordless_blue_black,multiview-04-pixel_6pro,multiview-04-pixel_6pro,hand_drill_cordless_blue_black/multiview-04-pixel_6pro/images/020.jpg,hand_drill_cordless_blue_black/multiview-04-pixel_6pro/images/021.jpg,72.056124,4.101193027345251,2.3024114789282097
150,hut_mushrooms_showpiece,multiview-04-pixel_6pro,multiview-04-pixel_6pro,hut_mushrooms_showpiece/multiview-04-pixel_6pro/images/015.jpg,hut_mushrooms_showpiece/multiview-04-pixel_6pro/images/016.jpg,77.165717,4.276379515242082,0.609063415195962
151,ice_cream_cart_showpiece,multiview-03-pixel_6pro,multiview-03-pixel_6pro,ice_cream_cart_showpiece/multiview-03-pixel_6pro/images/016.jpg,ice_cream_cart_showpiece/multiview-03-pixel_6pro/images/019.jpg,71.83444,1.8223843981619723,3.598842980895657
152,keywest_showpiece_s,multiview-00-pixel_6pro,multiview-00-pixel_6pro,keywest_showpiece_s/multiview-00-pixel_6pro/images/020.jpg,keywest_showpiece_s/multiview-00-pixel_6pro/images/021.jpg,68.880112,3.5120176202077324,0.06288208017254067
153,paper_weight_flowers_showpiece,multiview-04-pixel_6pro,multiview-04-pixel_6pro,paper_weight_flowers_showpiece/multiview-04-pixel_6pro/images/016.jpg,paper_weight_flowers_showpiece/multiview-04-pixel_6pro/images/019.jpg,88.445585,6.114761987554504,6.189112091082582
154,pumpkin_showpiece_s,multiview-00-pixel_4a,multiview-00-pixel_4a,pumpkin_showpiece_s/multiview-00-pixel_4a/images/014.jpg,pumpkin_showpiece_s/multiview-00-pixel_4a/images/015.jpg,50.920382,3.2082367682760675,7.655897036328207
155,remote_control_toy_car_s,multiview-02-pixel_6pro,multiview-02-pixel_6pro,remote_control_toy_car_s/multiview-02-pixel_6pro/images/023.jpg,remote_control_toy_car_s/multiview-02-pixel_6pro/images/024.jpg,86.233822,2.312684998758049,2.068817626543796
156,schleich_african_black_rhino,multiview-11-canon_t4i,multiview-11-canon_t4i,schleich_african_black_rhino/multiview-11-canon_t4i/images/024.jpg,schleich_african_black_rhino/multiview-11-canon_t4i/images/025.jpg,75.395338,4.562586732852167,2.825114059827112
157,schleich_bald_eagle,multiview-10-pixel_7,multiview-10-pixel_7,schleich_bald_eagle/multiview-10-pixel_7/images/021.jpg,schleich_bald_eagle/multiview-10-pixel_7/images/026.jpg,56.108238,4.139402640284539,1.1851052657946994
158,schleich_hereford_bull,multiview-04-pixel_5,multiview-04-pixel_5,schleich_hereford_bull/multiview-04-pixel_5/images/031.jpg,schleich_hereford_bull/multiview-04-pixel_5/images/033.jpg,58.990048,6.744353304268578,2.8695635929447083
159,schleich_lion_action_figure,multiview-11-ipad_5,multiview-11-ipad_5,schleich_lion_action_figure/multiview-11-ipad_5/images/033.jpg,schleich_lion_action_figure/multiview-11-ipad_5/images/035.jpg,68.293037,2.6254728007911785,1.9467369001066184
160,schleich_spinosaurus_action_figure,multiview-09-canon_t4i,multiview-09-canon_t4i,schleich_spinosaurus_action_figure/multiview-09-canon_t4i/images/034.jpg,schleich_spinosaurus_action_figure/multiview-09-canon_t4i/images/038.jpg,70.411111,3.57677996962447,1.3994935002391142
161,school_bus,multiview-08-pixel_4xl,multiview-08-pixel_4xl,school_bus/multiview-08-pixel_4xl/images/024.jpg,school_bus/multiview-08-pixel_4xl/images/030.jpg,56.003832,3.7499108776974186,3.886951531394404
162,soldier_wood_showpiece,multiview-03-pixel_6pro,multiview-03-pixel_6pro,soldier_wood_showpiece/multiview-03-pixel_6pro/images/021.jpg,soldier_wood_showpiece/multiview-03-pixel_6pro/images/024.jpg,50.526316,1.8854215376486663,1.1674027043829858
163,steps_small_showpiece,multiview-02-pixel_6pro,multiview-02-pixel_6pro,steps_small_showpiece/multiview-02-pixel_6pro/images/016.jpg,steps_small_showpiece/multiview-02-pixel_6pro/images/019.jpg,58.958889,3.460475829021501,2.7162764925666507
164,tractor_green_showpiece,multiview-01-pixel_4a,multiview-01-pixel_4a,tractor_green_showpiece/multiview-01-pixel_4a/images/018.jpg,tractor_green_showpiece/multiview-01-pixel_4a/images/019.jpg,88.508788,7.054065341442642,4.219016736873821
165,tumbler_air_balloon,multiview-03-pixel_6pro,multiview-03-pixel_6pro,tumbler_air_balloon/multiview-03-pixel_6pro/images/014.jpg,tumbler_air_balloon/multiview-03-pixel_6pro/images/015.jpg,60.495957,2.8972458224372497,1.6254377593654754
166,water_gun_toy_white,multiview-03-pixel_6pro,multiview-03-pixel_6pro,water_gun_toy_white/multiview-03-pixel_6pro/images/016.jpg,water_gun_toy_white/multiview-03-pixel_6pro/images/017.jpg,52.449718,3.771700199921551,0.28865920522838734
167,water_gun_toy_yellow,multiview-01-pixel_4a,multiview-01-pixel_4a,water_gun_toy_yellow/multiview-01-pixel_4a/images/016.jpg,water_gun_toy_yellow/multiview-01-pixel_4a/images/017.jpg,65.052876,9.254561823600767,5.0094527197123
168,weisshai_great_white_shark,multiview-07-ipad_5,multiview-07-ipad_5,weisshai_great_white_shark/multiview-07-ipad_5/images/051.jpg,weisshai_great_white_shark/multiview-07-ipad_5/images/055.jpg,80.306758,8.324096426950376,2.915929658357638
169,welcome_sign_mushrooms,multiview-03-pixel_6pro,multiview-03-pixel_6pro,welcome_sign_mushrooms/multiview-03-pixel_6pro/images/016.jpg,welcome_sign_mushrooms/multiview-03-pixel_6pro/images/019.jpg,61.69111,3.061347947737613,2.465015791330452
170,3d_dollhouse_sink,multiview-06-pixel_7,multiview-06-pixel_7,3d_dollhouse_sink/multiview-06-pixel_7/images/029.jpg,3d_dollhouse_sink/multiview-06-pixel_7/images/032.jpg,68.926984,2.577049200907699,1.9433592532765445
171,bottle_vitamin_d_tablets,multiview-00-pixel_4a,multiview-00-pixel_4a,bottle_vitamin_d_tablets/multiview-00-pixel_4a/images/020.jpg,bottle_vitamin_d_tablets/multiview-00-pixel_4a/images/024.jpg,81.709733,4.889929323248394,1.070803734660592
172,box_multi_door_colored,multiview-02-pixel_6pro,multiview-02-pixel_6pro,box_multi_door_colored/multiview-02-pixel_6pro/images/021.jpg,box_multi_door_colored/multiview-02-pixel_6pro/images/023.jpg,82.598747,1.901929060660632,1.343540413649187
173,bunny_racer,multiview-07-ipad_4,multiview-07-ipad_4,bunny_racer/multiview-07-ipad_4/images/017.jpg,bunny_racer/multiview-07-ipad_4/images/019.jpg,77.684973,3.654086430822925,1.0366322625284512
174,can_kernel_corn,multiview-02-pixel_6pro,multiview-02-pixel_6pro,can_kernel_corn/multiview-02-pixel_6pro/images/022.jpg,can_kernel_corn/multiview-02-pixel_6pro/images/023.jpg,74.716484,2.0081637192729427,0.8145056217399052
175,chicken_racer,multiview-09-pixel_4xl,multiview-09-pixel_4xl,chicken_racer/multiview-09-pixel_4xl/images/028.jpg,chicken_racer/multiview-09-pixel_4xl/images/034.jpg,85.12724,3.044587515258462,1.7542028964626868
176,circo_fish_toothbrush_holder_14995988,multiview-15-canon_t4i,multiview-15-canon_t4i,circo_fish_toothbrush_holder_14995988/multiview-15-canon_t4i/images/162.jpg,circo_fish_toothbrush_holder_14995988/multiview-15-canon_t4i/images/166.jpg,57.183818,2.9642073305792116,1.820337889664472
177,dino_4,multiview-07-sony_a7iv,multiview-07-sony_a7iv,dino_4/multiview-07-sony_a7iv/images/029.jpg,dino_4/multiview-07-sony_a7iv/images/032.jpg,58.856482,2.3079212440763697,1.9153600647347748
178,dino_5,multiview-09-canon_t4i,multiview-09-canon_t4i,dino_5/multiview-09-canon_t4i/images/042.jpg,dino_5/multiview-09-canon_t4i/images/046.jpg,59.247498,7.471206756937932,1.1478087670772863
179,duck_bath_yellow_s,multiview-04-pixel_6pro,multiview-04-pixel_6pro,duck_bath_yellow_s/multiview-04-pixel_6pro/images/016.jpg,duck_bath_yellow_s/multiview-04-pixel_6pro/images/018.jpg,67.750978,1.677650668051845,3.37439115060362
180,fire_engine_toy_red_yellow_s,multiview-02-pixel_6pro,multiview-02-pixel_6pro,fire_engine_toy_red_yellow_s/multiview-02-pixel_6pro/images/021.jpg,fire_engine_toy_red_yellow_s/multiview-02-pixel_6pro/images/023.jpg,76.209291,1.149187309227887,0.1722976031079215
181,garbage_truck_green_toy_s,multiview-01-pixel_4a,multiview-01-pixel_4a,garbage_truck_green_toy_s/multiview-01-pixel_4a/images/021.jpg,garbage_truck_green_toy_s/multiview-01-pixel_4a/images/024.jpg,62.392977,2.6892020278069904,2.2345778496002766
182,hand_drill_cordless_blue_black,multiview-03-pixel_6pro,multiview-03-pixel_6pro,hand_drill_cordless_blue_black/multiview-03-pixel_6pro/images/020.jpg,hand_drill_cordless_blue_black/multiview-03-pixel_6pro/images/021.jpg,76.119345,6.7334212751890625,3.6437829745227583
183,hut_mushrooms_showpiece,multiview-00-pixel_4a,multiview-00-pixel_4a,hut_mushrooms_showpiece/multiview-00-pixel_4a/images/016.jpg,hut_mushrooms_showpiece/multiview-00-pixel_4a/images/017.jpg,81.350555,3.111809083040156,1.8168230854285679
184,ice_cream_cart_showpiece,multiview-03-pixel_6pro,multiview-03-pixel_6pro,ice_cream_cart_showpiece/multiview-03-pixel_6pro/images/017.jpg,ice_cream_cart_showpiece/multiview-03-pixel_6pro/images/018.jpg,70.030677,2.3462703724491907,1.980433933613446
185,keywest_showpiece_s,multiview-00-pixel_6pro,multiview-00-pixel_6pro,keywest_showpiece_s/multiview-00-pixel_6pro/images/021.jpg,keywest_showpiece_s/multiview-00-pixel_6pro/images/023.jpg,86.813446,3.24397021953732,2.889888085887023
186,paper_weight_flowers_showpiece,multiview-04-pixel_6pro,multiview-04-pixel_6pro,paper_weight_flowers_showpiece/multiview-04-pixel_6pro/images/016.jpg,paper_weight_flowers_showpiece/multiview-04-pixel_6pro/images/017.jpg,73.530487,4.830176585245821,3.262990153046698
187,pumpkin_showpiece_s,multiview-00-pixel_4a,multiview-00-pixel_4a,pumpkin_showpiece_s/multiview-00-pixel_4a/images/014.jpg,pumpkin_showpiece_s/multiview-00-pixel_4a/images/016.jpg,75.718232,5.399295987310578,8.637158388839916
188,remote_control_toy_car_s,multiview-02-pixel_6pro,multiview-02-pixel_6pro,remote_control_toy_car_s/multiview-02-pixel_6pro/images/020.jpg,remote_control_toy_car_s/multiview-02-pixel_6pro/images/023.jpg,58.599532,0.9742583687602541,0.715063094922482
189,schleich_african_black_rhino,multiview-10-pixel_4xl,multiview-10-pixel_4xl,schleich_african_black_rhino/multiview-10-pixel_4xl/images/030.jpg,schleich_african_black_rhino/multiview-10-pixel_4xl/images/032.jpg,78.156712,2.659760553118962,0.46439754330123345
190,schleich_bald_eagle,multiview-07-pixel_4xl,multiview-07-pixel_4xl,schleich_bald_eagle/multiview-07-pixel_4xl/images/035.jpg,schleich_bald_eagle/multiview-07-pixel_4xl/images/036.jpg,72.375216,1.4745624054949114,0.9899658905410877
191,schleich_hereford_bull,multiview-03-ipad_5,multiview-03-ipad_5,schleich_hereford_bull/multiview-03-ipad_5/images/030.jpg,schleich_hereford_bull/multiview-03-ipad_5/images/036.jpg,73.123016,5.250469018757535,3.735314913515399
192,schleich_lion_action_figure,multiview-10-pixel_5,multiview-10-pixel_5,schleich_lion_action_figure/multiview-10-pixel_5/images/035.jpg,schleich_lion_action_figure/multiview-10-pixel_5/images/038.jpg,84.747628,2.075321247937481,2.5435334312188362
193,schleich_spinosaurus_action_figure,multiview-11-canon_t4i,multiview-11-canon_t4i,schleich_spinosaurus_action_figure/multiview-11-canon_t4i/images/042.jpg,schleich_spinosaurus_action_figure/multiview-11-canon_t4i/images/050.jpg,83.959316,1.7017570118866927,1.918800049850303
194,school_bus,multiview-10-pixel_5,multiview-10-pixel_5,school_bus/multiview-10-pixel_5/images/028.jpg,school_bus/multiview-10-pixel_5/images/034.jpg,50.811719,1.9873145518262565,1.6987074506083348
195,soldier_wood_showpiece,multiview-00-pixel_4a,multiview-00-pixel_4a,soldier_wood_showpiece/multiview-00-pixel_4a/images/020.jpg,soldier_wood_showpiece/multiview-00-pixel_4a/images/023.jpg,59.899886,1.8672702526856404,4.080781994285727
196,steps_small_showpiece,multiview-02-pixel_6pro,multiview-02-pixel_6pro,steps_small_showpiece/multiview-02-pixel_6pro/images/016.jpg,steps_small_showpiece/multiview-02-pixel_6pro/images/017.jpg,58.734272,5.759617041965757,6.301037839959869
197,tractor_green_showpiece,multiview-04-pixel_6pro,multiview-04-pixel_6pro,tractor_green_showpiece/multiview-04-pixel_6pro/images/016.jpg,tractor_green_showpiece/multiview-04-pixel_6pro/images/017.jpg,59.424833,3.460221019704495,0.9844651969543748
198,tumbler_air_balloon,multiview-04-pixel_6pro,multiview-04-pixel_6pro,tumbler_air_balloon/multiview-04-pixel_6pro/images/018.jpg,tumbler_air_balloon/multiview-04-pixel_6pro/images/019.jpg,76.754313,2.5400432058668345,1.8110329732778576
199,water_gun_toy_white,multiview-00-pixel_4a,multiview-00-pixel_4a,water_gun_toy_white/multiview-00-pixel_4a/images/016.jpg,water_gun_toy_white/multiview-00-pixel_4a/images/017.jpg,55.703711,1.0182842373183891,3.3262254795198922
200,water_gun_toy_yellow,multiview-00-pixel_4a,multiview-00-pixel_4a,water_gun_toy_yellow/multiview-00-pixel_4a/images/015.jpg,water_gun_toy_yellow/multiview-00-pixel_4a/images/016.jpg,68.692385,4.402866594408646,2.1329809106683384
201,weisshai_great_white_shark,multiview-07-sony_a7iv,multiview-07-sony_a7iv,weisshai_great_white_shark/multiview-07-sony_a7iv/images/031.jpg,weisshai_great_white_shark/multiview-07-sony_a7iv/images/038.jpg,65.043453,2.47391557886168,6.395046941483099
202,welcome_sign_mushrooms,multiview-01-pixel_4a,multiview-01-pixel_4a,welcome_sign_mushrooms/multiview-01-pixel_4a/images/016.jpg,welcome_sign_mushrooms/multiview-01-pixel_4a/images/018.jpg,58.887558,4.4740531822940355,3.48565574129659
203,3d_dollhouse_sink,multiview-04-canon_t4i,multiview-04-canon_t4i,3d_dollhouse_sink/multiview-04-canon_t4i/images/026.jpg,3d_dollhouse_sink/multiview-04-canon_t4i/images/028.jpg,84.603868,2.048919885433808,4.293822763281851
204,bottle_vitamin_d_tablets,multiview-04-pixel_6pro,multiview-04-pixel_6pro,bottle_vitamin_d_tablets/multiview-04-pixel_6pro/images/022.jpg,bottle_vitamin_d_tablets/multiview-04-pixel_6pro/images/023.jpg,62.206003,4.159431100535259,1.4258255451105728
205,box_multi_door_colored,multiview-00-pixel_4a,multiview-00-pixel_4a,box_multi_door_colored/multiview-00-pixel_4a/images/020.jpg,box_multi_door_colored/multiview-00-pixel_4a/images/024.jpg,60.294537,2.2865789268293515,1.127617839565873
206,bunny_racer,multiview-13-canon_t4i,multiview-13-canon_t4i,bunny_racer/multiview-13-canon_t4i/images/025.jpg,bunny_racer/multiview-13-canon_t4i/images/029.jpg,88.778083,2.431980387068239,1.7141703834405984
207,can_kernel_corn,multiview-02-pixel_6pro,multiview-02-pixel_6pro,can_kernel_corn/multiview-02-pixel_6pro/images/023.jpg,can_kernel_corn/multiview-02-pixel_6pro/images/024.jpg,79.512837,1.8463002031464792,1.8795361084533675
208,chicken_racer,multiview-12-pixel_5,multiview-12-pixel_5,chicken_racer/multiview-12-pixel_5/images/024.jpg,chicken_racer/multiview-12-pixel_5/images/025.jpg,88.507503,5.59575384244845,1.9777024120200286
209,circo_fish_toothbrush_holder_14995988,multiview-15-pixel_7,multiview-15-pixel_7,circo_fish_toothbrush_holder_14995988/multiview-15-pixel_7/images/127.jpg,circo_fish_toothbrush_holder_14995988/multiview-15-pixel_7/images/135.jpg,70.905859,3.5144093247253902,2.087688176384974
210,dino_4,multiview-09-pixel_5,multiview-09-pixel_5,dino_4/multiview-09-pixel_5/images/069.jpg,dino_4/multiview-09-pixel_5/images/072.jpg,58.928591,2.167970643358759,1.7147018033496022
211,dino_5,multiview-10-pixel_5,multiview-10-pixel_5,dino_5/multiview-10-pixel_5/images/029.jpg,dino_5/multiview-10-pixel_5/images/033.jpg,66.21831,2.319077785158475,2.01132234360716
212,duck_bath_yellow_s,multiview-00-pixel_4a,multiview-00-pixel_4a,duck_bath_yellow_s/multiview-00-pixel_4a/images/016.jpg,duck_bath_yellow_s/multiview-00-pixel_4a/images/017.jpg,80.390846,3.6338843152859557,2.129217637051215
213,fire_engine_toy_red_yellow_s,multiview-01-pixel_4a,multiview-01-pixel_4a,fire_engine_toy_red_yellow_s/multiview-01-pixel_4a/images/021.jpg,fire_engine_toy_red_yellow_s/multiview-01-pixel_4a/images/024.jpg,66.956553,0.8599192655125204,2.3192752826581775
214,garbage_truck_green_toy_s,multiview-00-pixel_4a,multiview-00-pixel_4a,garbage_truck_green_toy_s/multiview-00-pixel_4a/images/023.jpg,garbage_truck_green_toy_s/multiview-00-pixel_4a/images/024.jpg,66.350042,0.9708619396014818,1.1228414770105393
215,hand_drill_cordless_blue_black,multiview-04-pixel_6pro,multiview-04-pixel_6pro,hand_drill_cordless_blue_black/multiview-04-pixel_6pro/images/021.jpg,hand_drill_cordless_blue_black/multiview-04-pixel_6pro/images/022.jpg,61.399786,0.0,1.486797226150453
216,hut_mushrooms_showpiece,multiview-00-pixel_4a,multiview-00-pixel_4a,hut_mushrooms_showpiece/multiview-00-pixel_4a/images/016.jpg,hut_mushrooms_showpiece/multiview-00-pixel_4a/images/018.jpg,72.784377,0.19436124837874716,2.6332364497176792
217,ice_cream_cart_showpiece,multiview-00-pixel_4a,multiview-00-pixel_4a,ice_cream_cart_showpiece/multiview-00-pixel_4a/images/016.jpg,ice_cream_cart_showpiece/multiview-00-pixel_4a/images/017.jpg,54.273261,1.1028279474485587,1.5000782739850547
218,keywest_showpiece_s,multiview-03-pixel_6pro,multiview-03-pixel_6pro,keywest_showpiece_s/multiview-03-pixel_6pro/images/023.jpg,keywest_showpiece_s/multiview-03-pixel_6pro/images/024.jpg,82.977326,5.1626942295758145,3.1042257376576323
219,paper_weight_flowers_showpiece,multiview-00-pixel_4a,multiview-00-pixel_4a,paper_weight_flowers_showpiece/multiview-00-pixel_4a/images/016.jpg,paper_weight_flowers_showpiece/multiview-00-pixel_4a/images/019.jpg,51.651223,4.478333008894072,3.239897191493697
220,remote_control_toy_car_s,multiview-01-pixel_4a,multiview-01-pixel_4a,remote_control_toy_car_s/multiview-01-pixel_4a/images/021.jpg,remote_control_toy_car_s/multiview-01-pixel_4a/images/024.jpg,59.080929,0.798615955077476,1.7284661670706
221,schleich_african_black_rhino,multiview-07-ipad_5,multiview-07-ipad_5,schleich_african_black_rhino/multiview-07-ipad_5/images/035.jpg,schleich_african_black_rhino/multiview-07-ipad_5/images/038.jpg,71.297359,5.0188650114468825,3.5864922437852416
222,schleich_bald_eagle,multiview-11-pixel_7,multiview-11-pixel_7,schleich_bald_eagle/multiview-11-pixel_7/images/035.jpg,schleich_bald_eagle/multiview-11-pixel_7/images/045.jpg,82.088299,3.2738494358282577,2.193613868100723
223,schleich_hereford_bull,multiview-04-pixel_4xl,multiview-04-pixel_4xl,schleich_hereford_bull/multiview-04-pixel_4xl/images/036.jpg,schleich_hereford_bull/multiview-04-pixel_4xl/images/037.jpg,75.787796,1.4081569339237174,2.0098352497154144
224,schleich_lion_action_figure,multiview-08-ipad_5,multiview-08-ipad_5,schleich_lion_action_figure/multiview-08-ipad_5/images/028.jpg,schleich_lion_action_figure/multiview-08-ipad_5/images/030.jpg,59.441187,5.323484076719358,3.9454919600571223
225,schleich_spinosaurus_action_figure,multiview-10-ipad_5,multiview-10-ipad_5,schleich_spinosaurus_action_figure/multiview-10-ipad_5/images/042.jpg,schleich_spinosaurus_action_figure/multiview-10-ipad_5/images/049.jpg,85.253053,4.215428961949371,2.8229926428885186
226,school_bus,multiview-12-ipad_5,multiview-12-ipad_5,school_bus/multiview-12-ipad_5/images/028.jpg,school_bus/multiview-12-ipad_5/images/031.jpg,74.483422,2.4826840491313904,1.8703583581900214
227,soldier_wood_showpiece,multiview-04-pixel_6pro,multiview-04-pixel_6pro,soldier_wood_showpiece/multiview-04-pixel_6pro/images/023.jpg,soldier_wood_showpiece/multiview-04-pixel_6pro/images/024.jpg,89.011347,0.8280107853299771,1.0994539051074423
228,steps_small_showpiece,multiview-04-pixel_6pro,multiview-04-pixel_6pro,steps_small_showpiece/multiview-04-pixel_6pro/images/016.jpg,steps_small_showpiece/multiview-04-pixel_6pro/images/017.jpg,84.321581,3.1434111599826524,3.142448231750061
229,tractor_green_showpiece,multiview-04-pixel_6pro,multiview-04-pixel_6pro,tractor_green_showpiece/multiview-04-pixel_6pro/images/017.jpg,tractor_green_showpiece/multiview-04-pixel_6pro/images/018.jpg,83.255361,1.9301442847106176,1.5659796760168478
230,tumbler_air_balloon,multiview-02-pixel_6pro,multiview-02-pixel_6pro,tumbler_air_balloon/multiview-02-pixel_6pro/images/016.jpg,tumbler_air_balloon/multiview-02-pixel_6pro/images/019.jpg,62.062925,2.8558869155809377,2.0288809406894703
231,water_gun_toy_white,multiview-04-pixel_6pro,multiview-04-pixel_6pro,water_gun_toy_white/multiview-04-pixel_6pro/images/016.jpg,water_gun_toy_white/multiview-04-pixel_6pro/images/019.jpg,79.112821,3.286829522559112,3.024744070096079
232,water_gun_toy_yellow,multiview-04-pixel_6pro,multiview-04-pixel_6pro,water_gun_toy_yellow/multiview-04-pixel_6pro/images/015.jpg,water_gun_toy_yellow/multiview-04-pixel_6pro/images/016.jpg,72.760366,7.574547449701591,5.331069808667405
233,weisshai_great_white_shark,multiview-07-sony_a7iv,multiview-07-sony_a7iv,weisshai_great_white_shark/multiview-07-sony_a7iv/images/031.jpg,weisshai_great_white_shark/multiview-07-sony_a7iv/images/036.jpg,89.704971,2.762682506248765,8.167835480429643
234,3d_dollhouse_sink,multiview-07-canon_t4i,multiview-07-canon_t4i,3d_dollhouse_sink/multiview-07-canon_t4i/images/036.jpg,3d_dollhouse_sink/multiview-07-canon_t4i/images/039.jpg,66.86043,4.496373511284292,2.9715965436047345
235,bottle_vitamin_d_tablets,multiview-02-pixel_6pro,multiview-02-pixel_6pro,bottle_vitamin_d_tablets/multiview-02-pixel_6pro/images/021.jpg,bottle_vitamin_d_tablets/multiview-02-pixel_6pro/images/022.jpg,77.321869,4.47320486422583,5.004002039150614
236,box_multi_door_colored,multiview-03-pixel_6pro,multiview-03-pixel_6pro,box_multi_door_colored/multiview-03-pixel_6pro/images/020.jpg,box_multi_door_colored/multiview-03-pixel_6pro/images/023.jpg,59.772634,1.3189887107472589,0.565699465292756
237,bunny_racer,multiview-10-canon_t4i,multiview-10-canon_t4i,bunny_racer/multiview-10-canon_t4i/images/030.jpg,bunny_racer/multiview-10-canon_t4i/images/035.jpg,87.81482,2.4336240301882754,2.1046433176918677
238,can_kernel_corn,multiview-02-pixel_6pro,multiview-02-pixel_6pro,can_kernel_corn/multiview-02-pixel_6pro/images/020.jpg,can_kernel_corn/multiview-02-pixel_6pro/images/023.jpg,55.082965,2.576997646665317,1.0926852138814596
239,chicken_racer,multiview-13-pixel_5,multiview-13-pixel_5,chicken_racer/multiview-13-pixel_5/images/027.jpg,chicken_racer/multiview-13-pixel_5/images/030.jpg,69.426365,0.5285797667374392,1.907203758061853
240,circo_fish_toothbrush_holder_14995988,multiview-15-pixel_7,multiview-15-pixel_7,circo_fish_toothbrush_holder_14995988/multiview-15-pixel_7/images/133.jpg,circo_fish_toothbrush_holder_14995988/multiview-15-pixel_7/images/138.jpg,88.601884,2.5297950693230784,0.6542460335198533
241,dino_4,multiview-09-ipad_5,multiview-09-ipad_5,dino_4/multiview-09-ipad_5/images/048.jpg,dino_4/multiview-09-ipad_5/images/049.jpg,79.960287,7.224732599961091,7.535579013117437
242,dino_5,multiview-13-canon_t4i,multiview-13-canon_t4i,dino_5/multiview-13-canon_t4i/images/039.jpg,dino_5/multiview-13-canon_t4i/images/045.jpg,89.62099,6.274782037333339,3.8444681900831323
243,duck_bath_yellow_s,multiview-02-pixel_6pro,multiview-02-pixel_6pro,duck_bath_yellow_s/multiview-02-pixel_6pro/images/016.jpg,duck_bath_yellow_s/multiview-02-pixel_6pro/images/017.jpg,53.918211,13.26978487356593,7.08135455983082
244,fire_engine_toy_red_yellow_s,multiview-00-pixel_4a,multiview-00-pixel_4a,fire_engine_toy_red_yellow_s/multiview-00-pixel_4a/images/020.jpg,fire_engine_toy_red_yellow_s/multiview-00-pixel_4a/images/024.jpg,86.841272,2.9002597451422734,0.6288994696377296
245,garbage_truck_green_toy_s,multiview-04-pixel_6pro,multiview-04-pixel_6pro,garbage_truck_green_toy_s/multiview-04-pixel_6pro/images/021.jpg,garbage_truck_green_toy_s/multiview-04-pixel_6pro/images/022.jpg,87.250491,2.491146059705084,0.8126484024734839
246,hand_drill_cordless_blue_black,multiview-02-pixel_6pro,multiview-02-pixel_6pro,hand_drill_cordless_blue_black/multiview-02-pixel_6pro/images/022.jpg,hand_drill_cordless_blue_black/multiview-02-pixel_6pro/images/024.jpg,74.038796,6.855380953455143,3.7117935535650153
247,hut_mushrooms_showpiece,multiview-03-pixel_6pro,multiview-03-pixel_6pro,hut_mushrooms_showpiece/multiview-03-pixel_6pro/images/017.jpg,hut_mushrooms_showpiece/multiview-03-pixel_6pro/images/018.jpg,75.860887,6.655910441113486,5.198968488467697
248,ice_cream_cart_showpiece,multiview-02-pixel_6pro,multiview-02-pixel_6pro,ice_cream_cart_showpiece/multiview-02-pixel_6pro/images/016.jpg,ice_cream_cart_showpiece/multiview-02-pixel_6pro/images/018.jpg,59.892866,0.5963898649608531,1.963513370109512
249,keywest_showpiece_s,multiview-01-pixel_6pro,multiview-01-pixel_6pro,keywest_showpiece_s/multiview-01-pixel_6pro/images/022.jpg,keywest_showpiece_s/multiview-01-pixel_6pro/images/023.jpg,77.091317,2.2782552727307093,1.1235644458915406
250,remote_control_toy_car_s,multiview-03-pixel_6pro,multiview-03-pixel_6pro,remote_control_toy_car_s/multiview-03-pixel_6pro/images/021.jpg,remote_control_toy_car_s/multiview-03-pixel_6pro/images/024.jpg,68.302479,1.5110178369962701,3.120546604981262
251,schleich_african_black_rhino,multiview-10-ipad_5,multiview-10-ipad_5,schleich_african_black_rhino/multiview-10-ipad_5/images/031.jpg,schleich_african_black_rhino/multiview-10-ipad_5/images/035.jpg,58.439561,2.9915079698574014,3.4826356039651207
252,schleich_bald_eagle,multiview-07-pixel_5,multiview-07-pixel_5,schleich_bald_eagle/multiview-07-pixel_5/images/031.jpg,schleich_bald_eagle/multiview-07-pixel_5/images/034.jpg,64.15776,2.6824895011053727,2.1261068137217016
253,schleich_hereford_bull,multiview-05-pixel_4xl,multiview-05-pixel_4xl,schleich_hereford_bull/multiview-05-pixel_4xl/images/021.jpg,schleich_hereford_bull/multiview-05-pixel_4xl/images/022.jpg,50.984278,1.146538456141807,1.1193885251267781
254,schleich_lion_action_figure,multiview-11-ipad_5,multiview-11-ipad_5,schleich_lion_action_figure/multiview-11-ipad_5/images/029.jpg,schleich_lion_action_figure/multiview-11-ipad_5/images/030.jpg,89.606153,4.937437897379344,3.066070776131605
255,schleich_spinosaurus_action_figure,multiview-10-canon_t4i,multiview-10-canon_t4i,schleich_spinosaurus_action_figure/multiview-10-canon_t4i/images/046.jpg,schleich_spinosaurus_action_figure/multiview-10-canon_t4i/images/052.jpg,56.446317,5.343513292620767,5.196882471774337
256,school_bus,multiview-12-ipad_5,multiview-12-ipad_5,school_bus/multiview-12-ipad_5/images/028.jpg,school_bus/multiview-12-ipad_5/images/029.jpg,51.017605,1.7889566216520685,1.2265527361152269
257,soldier_wood_showpiece,multiview-01-pixel_4a,multiview-01-pixel_4a,soldier_wood_showpiece/multiview-01-pixel_4a/images/021.jpg,soldier_wood_showpiece/multiview-01-pixel_4a/images/024.jpg,78.515039,1.542926935101974,0.6135086911341397
258,steps_small_showpiece,multiview-03-pixel_6pro,multiview-03-pixel_6pro,steps_small_showpiece/multiview-03-pixel_6pro/images/016.jpg,steps_small_showpiece/multiview-03-pixel_6pro/images/019.jpg,57.115911,6.822837481133697,8.878046912223681
259,tractor_green_showpiece,multiview-02-pixel_6pro,multiview-02-pixel_6pro,tractor_green_showpiece/multiview-02-pixel_6pro/images/016.jpg,tractor_green_showpiece/multiview-02-pixel_6pro/images/019.jpg,84.799637,2.4368014911751454,0.8870465904785154
260,tumbler_air_balloon,multiview-00-pixel_4a,multiview-00-pixel_4a,tumbler_air_balloon/multiview-00-pixel_4a/images/017.jpg,tumbler_air_balloon/multiview-00-pixel_4a/images/018.jpg,60.737532,2.235774018272612,3.126365919981795
261,water_gun_toy_white,multiview-02-pixel_6pro,multiview-02-pixel_6pro,water_gun_toy_white/multiview-02-pixel_6pro/images/017.jpg,water_gun_toy_white/multiview-02-pixel_6pro/images/019.jpg,56.909093,11.053289140297611,6.098800397510752
262,water_gun_toy_yellow,multiview-02-pixel_6pro,multiview-02-pixel_6pro,water_gun_toy_yellow/multiview-02-pixel_6pro/images/016.jpg,water_gun_toy_yellow/multiview-02-pixel_6pro/images/018.jpg,58.739575,1.806892319335362,4.717961457881555
263,weisshai_great_white_shark,multiview-11-pixel_4xl,multiview-11-pixel_4xl,weisshai_great_white_shark/multiview-11-pixel_4xl/images/048.jpg,weisshai_great_white_shark/multiview-11-pixel_4xl/images/051.jpg,86.732158,3.4031621374708783,0.8095119959035872
264,3d_dollhouse_sink,multiview-07-canon_t4i,multiview-07-canon_t4i,3d_dollhouse_sink/multiview-07-canon_t4i/images/035.jpg,3d_dollhouse_sink/multiview-07-canon_t4i/images/039.jpg,56.761793,0.9915895078664959,0.610020212551331
265,bottle_vitamin_d_tablets,multiview-00-pixel_4a,multiview-00-pixel_4a,bottle_vitamin_d_tablets/multiview-00-pixel_4a/images/022.jpg,bottle_vitamin_d_tablets/multiview-00-pixel_4a/images/024.jpg,55.551493,2.539555750063865,0.3129360586859367
266,box_multi_door_colored,multiview-03-pixel_6pro,multiview-03-pixel_6pro,box_multi_door_colored/multiview-03-pixel_6pro/images/022.jpg,box_multi_door_colored/multiview-03-pixel_6pro/images/024.jpg,54.366457,0.0,0.7400505126040021
267,bunny_racer,multiview-13-pixel_7,multiview-13-pixel_7,bunny_racer/multiview-13-pixel_7/images/033.jpg,bunny_racer/multiview-13-pixel_7/images/039.jpg,82.616777,1.4996276829824144,0.7480964901477389
268,chicken_racer,multiview-03-pixel_5,multiview-03-pixel_5,chicken_racer/multiview-03-pixel_5/images/009.jpg,chicken_racer/multiview-03-pixel_5/images/010.jpg,70.258686,2.8512740093733346,1.4166276336407733
269,circo_fish_toothbrush_holder_14995988,multiview-13-canon_t4i,multiview-13-canon_t4i,circo_fish_toothbrush_holder_14995988/multiview-13-canon_t4i/images/025.jpg,circo_fish_toothbrush_holder_14995988/multiview-13-canon_t4i/images/033.jpg,71.804165,3.9760851208384826,6.877556239496117
270,dino_4,multiview-09-ipad_5,multiview-09-ipad_5,dino_4/multiview-09-ipad_5/images/045.jpg,dino_4/multiview-09-ipad_5/images/061.jpg,60.58835,2.778277108952474,1.0372935812553123
271,dino_5,multiview-13-pixel_7,multiview-13-pixel_7,dino_5/multiview-13-pixel_7/images/033.jpg,dino_5/multiview-13-pixel_7/images/034.jpg,79.587336,3.9343346954739973,2.5694951216755286
272,duck_bath_yellow_s,multiview-03-pixel_6pro,multiview-03-pixel_6pro,duck_bath_yellow_s/multiview-03-pixel_6pro/images/017.jpg,duck_bath_yellow_s/multiview-03-pixel_6pro/images/018.jpg,56.669315,4.273482654771842,3.9266119241696607
273,fire_engine_toy_red_yellow_s,multiview-03-pixel_6pro,multiview-03-pixel_6pro,fire_engine_toy_red_yellow_s/multiview-03-pixel_6pro/images/021.jpg,fire_engine_toy_red_yellow_s/multiview-03-pixel_6pro/images/023.jpg,50.696433,2.6576860822410353,2.259244106111281
274,garbage_truck_green_toy_s,multiview-00-pixel_4a,multiview-00-pixel_4a,garbage_truck_green_toy_s/multiview-00-pixel_4a/images/022.jpg,garbage_truck_green_toy_s/multiview-00-pixel_4a/images/024.jpg,82.54902,0.7880153509882921,1.0456243145694615
275,hand_drill_cordless_blue_black,multiview-04-pixel_6pro,multiview-04-pixel_6pro,hand_drill_cordless_blue_black/multiview-04-pixel_6pro/images/019.jpg,hand_drill_cordless_blue_black/multiview-04-pixel_6pro/images/021.jpg,80.93345,1.4194236524431103,1.6643768807670452
276,hut_mushrooms_showpiece,multiview-01-pixel_4a,multiview-01-pixel_4a,hut_mushrooms_showpiece/multiview-01-pixel_4a/images/017.jpg,hut_mushrooms_showpiece/multiview-01-pixel_4a/images/018.jpg,73.372196,1.1308855718059052,1.368858956437225
277,keywest_showpiece_s,multiview-03-pixel_6pro,multiview-03-pixel_6pro,keywest_showpiece_s/multiview-03-pixel_6pro/images/021.jpg,keywest_showpiece_s/multiview-03-pixel_6pro/images/022.jpg,62.704939,1.6203039127475107,2.559123625159035
278,remote_control_toy_car_s,multiview-00-pixel_4a,multiview-00-pixel_4a,remote_control_toy_car_s/multiview-00-pixel_4a/images/020.jpg,remote_control_toy_car_s/multiview-00-pixel_4a/images/021.jpg,60.516131,0.8213513714080056,4.971292011027361
279,schleich_african_black_rhino,multiview-09-canon_t4i,multiview-09-canon_t4i,schleich_african_black_rhino/multiview-09-canon_t4i/images/029.jpg,schleich_african_black_rhino/multiview-09-canon_t4i/images/032.jpg,55.546537,4.009214999606942,3.1886096633180023
280,schleich_bald_eagle,multiview-08-canon_t4i,multiview-08-canon_t4i,schleich_bald_eagle/multiview-08-canon_t4i/images/031.jpg,schleich_bald_eagle/multiview-08-canon_t4i/images/032.jpg,54.249692,2.621357701966768,4.722592328011261
281,schleich_hereford_bull,multiview-06-ipad_5,multiview-06-ipad_5,schleich_hereford_bull/multiview-06-ipad_5/images/030.jpg,schleich_hereford_bull/multiview-06-ipad_5/images/032.jpg,80.165758,2.247080125745516,1.4370361764674795
282,schleich_lion_action_figure,multiview-00-pixel_5,multiview-00-pixel_5,schleich_lion_action_figure/multiview-00-pixel_5/images/004.jpg,schleich_lion_action_figure/multiview-00-pixel_5/images/005.jpg,63.181971,3.8421647471065854,4.354009642130733
283,schleich_spinosaurus_action_figure,multiview-10-canon_t4i,multiview-10-canon_t4i,schleich_spinosaurus_action_figure/multiview-10-canon_t4i/images/047.jpg,schleich_spinosaurus_action_figure/multiview-10-canon_t4i/images/050.jpg,83.101357,8.739155363922945,9.652449140219485
284,school_bus,multiview-10-canon_t4i,multiview-10-canon_t4i,school_bus/multiview-10-canon_t4i/images/030.jpg,school_bus/multiview-10-canon_t4i/images/033.jpg,69.327536,3.361563522732758,2.4769553782451115
285,soldier_wood_showpiece,multiview-03-pixel_6pro,multiview-03-pixel_6pro,soldier_wood_showpiece/multiview-03-pixel_6pro/images/020.jpg,soldier_wood_showpiece/multiview-03-pixel_6pro/images/024.jpg,85.358556,2.203031514507448,2.345061749445047
286,steps_small_showpiece,multiview-03-pixel_6pro,multiview-03-pixel_6pro,steps_small_showpiece/multiview-03-pixel_6pro/images/018.jpg,steps_small_showpiece/multiview-03-pixel_6pro/images/019.jpg,85.905434,5.938375615776855,0.39656081816257516
287,tumbler_air_balloon,multiview-02-pixel_6pro,multiview-02-pixel_6pro,tumbler_air_balloon/multiview-02-pixel_6pro/images/016.jpg,tumbler_air_balloon/multiview-02-pixel_6pro/images/017.jpg,56.637923,2.56067992400152,0.709564559959067
288,water_gun_toy_yellow,multiview-01-pixel_4a,multiview-01-pixel_4a,water_gun_toy_yellow/multiview-01-pixel_4a/images/016.jpg,water_gun_toy_yellow/multiview-01-pixel_4a/images/019.jpg,59.927906,3.531713526618107,0.25772152619763095
289,weisshai_great_white_shark,multiview-11-pixel_4xl,multiview-11-pixel_4xl,weisshai_great_white_shark/multiview-11-pixel_4xl/images/047.jpg,weisshai_great_white_shark/multiview-11-pixel_4xl/images/053.jpg,83.206911,1.813501278491993,4.052174429690766
290,3d_dollhouse_sink,multiview-06-pixel_7,multiview-06-pixel_7,3d_dollhouse_sink/multiview-06-pixel_7/images/028.jpg,3d_dollhouse_sink/multiview-06-pixel_7/images/034.jpg,89.076387,1.6663229219786189,0.5746036559926332
291,box_multi_door_colored,multiview-04-pixel_6pro,multiview-04-pixel_6pro,box_multi_door_colored/multiview-04-pixel_6pro/images/019.jpg,box_multi_door_colored/multiview-04-pixel_6pro/images/023.jpg,62.981512,2.2633096220558926,1.8498993649215107
292,bunny_racer,multiview-13-canon_t4i,multiview-13-canon_t4i,bunny_racer/multiview-13-canon_t4i/images/026.jpg,bunny_racer/multiview-13-canon_t4i/images/033.jpg,83.959161,3.037808878414457,8.278172972076868
293,chicken_racer,multiview-12-ipad_5,multiview-12-ipad_5,chicken_racer/multiview-12-ipad_5/images/034.jpg,chicken_racer/multiview-12-ipad_5/images/035.jpg,55.751539,5.848719989791875,3.4820783619329263
294,circo_fish_toothbrush_holder_14995988,multiview-15-pixel_7,multiview-15-pixel_7,circo_fish_toothbrush_holder_14995988/multiview-15-pixel_7/images/124.jpg,circo_fish_toothbrush_holder_14995988/multiview-15-pixel_7/images/153.jpg,84.656592,1.2854965810100714,0.3199745741059462
295,dino_4,multiview-09-sony_a7iv,multiview-09-sony_a7iv,dino_4/multiview-09-sony_a7iv/images/042.jpg,dino_4/multiview-09-sony_a7iv/images/044.jpg,71.047745,3.7418508165334163,1.7039107884921076
296,dino_5,multiview-09-pixel_5,multiview-09-pixel_5,dino_5/multiview-09-pixel_5/images/030.jpg,dino_5/multiview-09-pixel_5/images/035.jpg,51.243923,4.4846921160375395,4.308652005915566
297,duck_bath_yellow_s,multiview-01-pixel_4a,multiview-01-pixel_4a,duck_bath_yellow_s/multiview-01-pixel_4a/images/015.jpg,duck_bath_yellow_s/multiview-01-pixel_4a/images/016.jpg,60.809836,6.953756811342103,4.908567946463477
298,fire_engine_toy_red_yellow_s,multiview-04-pixel_6pro,multiview-04-pixel_6pro,fire_engine_toy_red_yellow_s/multiview-04-pixel_6pro/images/019.jpg,fire_engine_toy_red_yellow_s/multiview-04-pixel_6pro/images/020.jpg,89.573126,4.084670166196116,3.005192014245648
299,garbage_truck_green_toy_s,multiview-03-pixel_6pro,multiview-03-pixel_6pro,garbage_truck_green_toy_s/multiview-03-pixel_6pro/images/022.jpg,garbage_truck_green_toy_s/multiview-03-pixel_6pro/images/024.jpg,76.596953,1.264040919320184,0.9401121327779511
